title,text,score,created_at,num_comments,permalink
"McDonalds probably has THE best Coca Cola I have ever had! And this ain’t a joke. I am a super fan of canned Coke, but McDonalds reigns supreme!",,13,2025-01-13 02:07:39,12,https://reddit.com/r/cocacola/comments/1i03ero/mcdonalds_probably_has_the_best_coca_cola_i_have/
Coca Cola Watches,Hi! I got this off of facebook marketplace today and I was wondering if there was any information about it. Thank you!,17,2025-01-12 22:48:41,2,https://reddit.com/r/cocacola/comments/1hzzc78/coca_cola_watches/
When will the new Coca-Cola Creations be released? ,Is there a leak about the upcoming Creations? ,2,2025-01-12 17:14:52,11,https://reddit.com/r/cocacola/comments/1hzrhv6/when_will_the_new_cocacola_creations_be_released/
Coca-Cola Lata vacía ,,3,2025-01-12 14:49:14,1,https://reddit.com/r/cocacola/comments/1hzo8m6/cocacola_lata_vacía/
Coca Cola destroyed the freezer in my refridgerator,"https://preview.redd.it/74oq26fsghce1.jpg?width=4080&format=pjpg&auto=webp&s=0e39fea25fe90c4afa01859d67f3517ebd2d004f

\\n

I kept my Coca Cola can in my refridgerator for overnight. In the morning it had totaly destroyed my refridgerator. I do understand why the f\*ck goo came out of the can automatically ? I was supposed to drink this. Atleast I'm safe now although my freezer is destroyed.

And who the f\*ck is going to pay for cleaning and repair of my refridgerator ?

With all the goo hainging at ceiling of the freezer after the can exploded and destroyed my refrigerator. I also wonder how safe is it drink the unfrozen goo.

There is so much goo. Looks like some dog set in the freezer and shit the whole intestine.

I understand it is my fault to keep in freezer. Although looking at this shit I'll never be able to drink this shit piss for the rest of my life.",0,2025-01-12 03:33:55,44,https://reddit.com/r/cocacola/comments/1hzdskg/coca_cola_destroyed_the_freezer_in_my/
Does anyone have any info on this Coca Cola backpack?,I've had this back for about 14 years and from what I can recall I got it out of a coca cola truck? I can't seem to find any info on it online so if anyone knows where it comes from that would be appreciated.,6,2025-01-11 02:13:36,7,https://reddit.com/r/cocacola/comments/1hylkcm/does_anyone_have_any_info_on_this_coca_cola/
Whats your favorite flavor of coca cocla,I'll start off i love classic coca cola always have always will what about you guys ,32,2025-01-10 12:47:37,98,https://reddit.com/r/cocacola/comments/1hy3n8a/whats_your_favorite_flavor_of_coca_cocla/
So my Soda smelled bad and I drank half of it. Am I cooked?,"So this happened all within the last hour or two. I bought a ""new"" bottle of Cherry Coca-cola at the grocery store in the checkout aisle and started drinking it on the drive home. I noticed it tasted weird like if it was a zero sugar version but it wasn't. While drinking it more, I started to smell something that I can only describe as ""butt."" I thought it was the peeled garlic I bought since I put my groceries in the backseat but then I noticed it was actually coming from my Soda bottle!

I already drank half by this point and I just set it aside. I got home and it was a struggle to find but it says the expiration date is Jan 2025.

So now I'm worried I might get sick as heck because it's probably contaminated to high heavens with bacteria if it smelled like butt. 😭",0,2025-01-09 01:26:14,34,https://reddit.com/r/cocacola/comments/1hx0yn8/so_my_soda_smelled_bad_and_i_drank_half_of_it_am/
The typo on a multi billion dollar company's app is hilarious to me,I find this so funny for no reason remdeem 😭😭,4,2025-01-08 11:23:39,2,https://reddit.com/r/cocacola/comments/1hwhyya/the_typo_on_a_multi_billion_dollar_companys_app/
Did anyone actually enjoy these?,I'm a huge Coca-Cola fan but I couldn't eat more than two. Sadly most of the box went to the trash. They tasted like oreos dunked into Coca-Cola which makes sense but not a good taste in my opinion. ,95,2025-01-08 09:34:04,86,https://reddit.com/r/cocacola/comments/1hwg9q9/did_anyone_actually_enjoy_these/
Smoked Coca-Cola,It's interesting. I used pecan wood and added a little non-alcoholic whiskey.,6,2025-01-08 07:34:18,4,https://reddit.com/r/cocacola/comments/1hweh7w/smoked_cocacola/
Best/Worst Flavor?,"Saw this in Epcot and was amazed. If you tried them out, what's your favorite flavor and what's your least favorite flavor? Feel free to share general thoughts as well!!",67,2025-01-08 04:38:40,51,https://reddit.com/r/cocacola/comments/1hwbl21/bestworst_flavor/
Rare Coca-Cola flip phone ,"When I was a kid my brother gave me a coke flip phone that was red and white and when you opened it, it had the Coca-Cola logo and did a lil jingle.
He passed away and I lost it a long time ago but now I’m an adult I just really wanna get it as a lil tattoo to remember him by but I genuinely can’t find anything other than a maccas toy online and it’s driving me crazy 
I’m Australian so I’m not shore if it was just something here but genuinely if anyone knows anything if you could just let me know I’d really appreciate it. ",2,2025-01-07 17:00:32,9,https://reddit.com/r/cocacola/comments/1hvw1fo/rare_cocacola_flip_phone/
Weird coca cola can,"I found this weird coca cola havent opened it yet. I am just wondering if it is something special or just their packacking? I bought it in Vietnam. Is it normal coke or something else? Thank you

https://preview.redd.it/hgc7zh9hnlbe1.jpg?width=1848&format=pjpg&auto=webp&s=cce232e48c368c0665b6b8f51ca5fce1f61b38fa

https://preview.redd.it/3238fsahnlbe1.jpg?width=1848&format=pjpg&auto=webp&s=6e401f5701bcce73fcda2cba2bbbeeb32c592920

https://preview.redd.it/1fyk4r9hnlbe1.jpg?width=1848&format=pjpg&auto=webp&s=64198902457617a456bc8138eb797b1e3c8e6244

",0,2025-01-07 16:22:38,6,https://reddit.com/r/cocacola/comments/1hvv560/weird_coca_cola_can/
Ice cold Coca~Cola,"With ❄️ and 🧊 on the ground, it seems like a perfect opportunity for a photo op! 

",88,2025-01-07 15:15:55,4,https://reddit.com/r/cocacola/comments/1hvtmb3/ice_cold_cocacola/
Reyes Coca-Cola HR Information?,"I recently started the interview process with Reyes Coca-Cola in Michigan, but quite rudely have been left without information or progress with my interview for just over a week now. My first interview with my recruiter was only 2 minutes long and were things I already answered on indeed. Is there anyone else I could speak to about continuing the hiring process with me? I was really optimistic about this job but now it is upsetting and feels like a red flag. I’ve heard people say they just had flakey recruiters and were still able to land a job after speaking to another employee. ",3,2025-01-07 13:17:40,3,https://reddit.com/r/cocacola/comments/1hvr7sq/reyes_cocacola_hr_information/
I NEED COCA COLA OREOS,WHYY WHY WHY WHY MUST THEY BE LIMITED EDITION I NEED THEM IVE BEEN WITHOUT THEM FOR WEEKS NOW PLEASE PLEASE BRING THEM BACK AHHH,1,2025-01-07 07:42:38,8,https://reddit.com/r/cocacola/comments/1hvme2r/i_need_coca_cola_oreos/
Dear coca-cola corp,"It’s time to bring back Diet Coke with Splenda.  

You have that ad that asks if Coke Zero is the best Coke ever. 


The answer is an emphatic NO. 


Diet Coke with Splenda was.  Tasted exactly like regular coke.  Did not go flat 30 seconds after opening.  and no aspertame. 

Best
Coke
Ever ",5,2025-01-07 06:38:01,10,https://reddit.com/r/cocacola/comments/1hvlhrz/dear_cocacola_corp/
What'll happen if I drink a Coke that expired in the 2000s?,"I have a Coca Cola unopened drink from the early 2000's made to celebrate Cal Ripken's major milestone for most consecutive games played in MLB. Obviously, it's pretty old. I've owned it for a while and i'm thinking whatever, i should just drink it. What would happen if i DO decide to drink it? What are the health risks?",5,2025-01-07 03:40:22,11,https://reddit.com/r/cocacola/comments/1hvigwq/whatll_happen_if_i_drink_a_coke_that_expired_in/
Found a 3 liter of Mexican Coke at a local grocery store ,,511,2025-01-06 19:51:00,110,https://reddit.com/r/cocacola/comments/1hv7z50/found_a_3_liter_of_mexican_coke_at_a_local/
Can’t beat the original ,,101,2025-01-06 15:58:55,32,https://reddit.com/r/cocacola/comments/1hv2a9h/cant_beat_the_original/
MARVEL X Coca-Cola (UK),I just thought of doing a couple photos with the bottles and cans I got from the marvel x coke collab a couple months back.,12,2025-01-06 08:28:25,4,https://reddit.com/r/cocacola/comments/1huugw6/marvel_x_cocacola_uk/
MARVEL X Coca-Cola (UK),I just thought of doing a couple photos with the bottles and cans I got from the marvel x coke collab a couple months back.,11,2025-01-06 08:28:07,1,https://reddit.com/r/cocacola/comments/1huugrp/marvel_x_cocacola_uk/
I hate Coke…,"I don’t know what it is by hate normal Coca-Cola so much it has a weird after taste and is way to sweet, it tastes so fake. I do however love cherry coke and I love Coke Zero sugar which just tastes better in general and Coke Zero lime is also really great, what are your guys thoughts am I insane? ",0,2025-01-06 04:36:05,8,https://reddit.com/r/cocacola/comments/1huqx4p/i_hate_coke/
Anyone having trouble in the UK?,"Hi all,

Wondering if anyone in the UK is having trouble getting hold of full sugar coke and any flavour that isn't cherry? In just about every shop I look in, there's only coke zero (diet and caffeine free too but I don't like that stuff) and the only flavour available is cherry. I don't mind coke zero, but sometimes I just need that sugary hit, and the only place I can get it seems to be from vending machines at my workplace. I'm also a big lover of vanilla coke and the only place I've been able to get hold of that lately has been from coca-cola freestyle machines in cinemas. I know the sugar tax is a thing but I and I'm sure many consumers would be happy to pay a little extra if we need that hit so....what gives? Anyone know anything?",4,2025-01-05 22:26:20,0,https://reddit.com/r/cocacola/comments/1huj80v/anyone_having_trouble_in_the_uk/
How much does everyone think it’s worth?,,63,2025-01-05 02:29:52,26,https://reddit.com/r/cocacola/comments/1htvcp0/how_much_does_everyone_think_its_worth/
Coke Signs,,52,2025-01-02 17:11:24,8,https://reddit.com/r/cocacola/comments/1hryof1/coke_signs/
Freestyle Vanilla swirl,Does anyone happen to know the combination that was used to make this stuff? It’s been a few years but was one of my favorites.,16,2025-01-02 03:09:41,2,https://reddit.com/r/cocacola/comments/1hrk58s/freestyle_vanilla_swirl/
Should I drink this 16 year old bottle of coke or leave it sealed for later?,Should I drink this 16 year old bottle of coke or leave it sealed for later?,356,2025-01-02 01:53:20,288,https://reddit.com/r/cocacola/comments/1hrinm6/should_i_drink_this_16_year_old_bottle_of_coke_or/
Repurpose Dresser,"It’s not finished yet but getting ever so close so looking for any suggestions or things I need to change. I know the letter “s” is missing I’m fixing that tonight and the bottom drawer isn’t finished, but is there anything else?  Also if I was to put it up for sale when it’s finished any idea how much I could list it for?  Thanks in advance for any assistance. ",19,2025-01-02 01:14:40,4,https://reddit.com/r/cocacola/comments/1hrhvrx/repurpose_dresser/
Coca-Cola Miniature Bottle (Original Taste),"Found this ""mini"" Coke bottle today...

https://preview.redd.it/hsyi43kjffae1.png?width=2448&format=png&auto=webp&s=73b3af06eea43bd2b32a1028e72f13e1af2e0d81

",2,2025-01-01 18:37:14,7,https://reddit.com/r/cocacola/comments/1hr95ny/cocacola_miniature_bottle_original_taste/
Does anybody know the name and manufacturer of this jacket. I cant find it anywhere.,It has german washing instructions and seems to originate from to late 80's to 90's.,34,2025-01-01 17:09:36,12,https://reddit.com/r/cocacola/comments/1hr76so/does_anybody_know_the_name_and_manufacturer_of/
"Coca Cola Orange Cream launched in UK, US and Europe ","Coca‑Cola has today announced the refreshing addition of Coca‑Cola Orange Cream to its flavours portfolio.

Combining the great taste of Coca‑Cola with a delicious very Orange Cream flavour, the delectable new product is described as ‘happiness bottled’, with a very Orange Cream on the Orange Cream original taste.

The flavour is set to delight fans who are after a delicious and refreshing carbonated drink, in both the Zero Sugar & Original Taste variations. The Zero Sugar option is perfect for those wanting to enjoy the stellar thirst-quenching Original Taste flavour, but with zero sugar and zero calories.

The launch of the new flavour follows increasing consumer desire for the addition of fun & fruity twists on the great tasting classic. In addition to expanding its range of flavours, the brand continues to surprise and delight fans with magical and unexpected tastes, moments, and limited-edition collaborations, through its Coca‑Cola Creations platform.

Coca‑Cola Senior Brand Manager, Laura Moon said: “We’re thrilled to be able to meet consumer demand by expanding our flavours portfolio with the inclusion of Coca‑Cola Orange Cream – it’s quite literally happiness in a bottle! We’re consistently considering new variations and would encourage eagle-eyed Coca‑Cola fans to watch this space for more.”

Coca‑Cola Orange Cream Zero Sugar & Original Taste are available now at all major retailers nationwide in the following formats:

· Zero Sugar – 330ml, 1.75ml, 500ml, 2L, 8x 330ml and 150ml singles

· Original Taste – 330ml, 500ml, 1.75ml, 150ml singles and 8x 330ml

Retailers are free to set their own prices.

https://preview.redd.it/unfzoirffdae1.png?width=411&format=png&auto=webp&s=b1cfe438b4a194ef9abe61ea0ed78b2ccdf663eb

",7,2025-01-01 11:52:08,6,https://reddit.com/r/cocacola/comments/1hr1inx/coca_cola_orange_cream_launched_in_uk_us_and/
Coca Cola prices in Australia,"Now I have traveled around the world a few times and i take note of Coca Cola prices (and beer) when I do. It's always shocked me what we pay in Australia for Coca Cola. When I thought it just can't get any more expensive I saw this image below which took it to another level. Coca Cola in is basic form is Syrup and Water in a container. You can't tell me it is worth $5.00 AUD for a 600ml bottle of Coke Cola. Yes we have high wages but it's mainly automated except for transportation. But $5.00 AUD !!! It's a farce and we are being ripped off with a smile. Photo from a local take away store take 1st Jan, 2025.

What is a 600ml cooke worth where you live?",9,2025-01-01 02:53:04,10,https://reddit.com/r/cocacola/comments/1hqu5e4/coca_cola_prices_in_australia/
"No more sanctions
The Coca-Cola Company returns to Russia","Since 2025 release Coca Cola cherry, vanilla and Orange Cream in Romania. The Coca-Cola Company returns to Russia since 2025 with flavors of Coca Cola like in the UK, like in more countries and like in Romania, like in France, like in US, like in Belarus and have 9 Coca Cola flavours, 3 fanta flavours, 6 sprite flavours, 3 Schweppes flavours and 6 fuze tea flavours (Dobry Cola, Orange, Lemon-Lime, Juice and Rich exist since 2022)

https://preview.redd.it/qqu2pv7b5dae1.png?width=1600&format=png&auto=webp&s=c89c986e53ddfd22c28082a47380bfb04bffe83a",0,2024-12-31 16:26:52,5,https://reddit.com/r/cocacola/comments/1hqi7ju/no_more_sanctions_the_cocacola_company_returns_to/
"Băi, am găsit Coca Cola cu Vanilie mai mare (țara de origine: Cehia sau Slovacia)😱😮",,0,2024-12-31 04:20:56,1,https://reddit.com/r/cocacola/comments/1hq6lur/băi_am_găsit_coca_cola_cu_vanilie_mai_mare_țara/
"Coca Cola Zero Lime is now in the UK🇬🇧 (can 330ml, PET 500ml and 2L, not imported from Romania or Portugal)",,5,2024-12-30 21:12:29,6,https://reddit.com/r/cocacola/comments/1hpxmy7/coca_cola_zero_lime_is_now_in_the_uk_can_330ml/
Cross border grocery pickup ,,16,2024-12-30 05:19:57,6,https://reddit.com/r/cocacola/comments/1hpfx28/cross_border_grocery_pickup/
Coca Cola Vending Machine charged me $10 for one soda,"I hope this is the right place for this. I just used a Coca Cola vending machine at the mall (the one where you scan your card to open the door and get your drink) and got one Cherry Coke. It charged 10 dollars exactly on my Apple Pay for some reason.

I made sure the door wasn’t loose or anything so it’s not like someone could’ve grabbed a soda and charged me so it isn’t like someone could’ve grabbed some without me knowing. I checked the machine itself and there was nothing about it overcharging and I couldn’t find someone who in the mall manages the machines. I just want to know if i got scammed or something.",18,2024-12-29 18:59:45,13,https://reddit.com/r/cocacola/comments/1hp2zh4/coca_cola_vending_machine_charged_me_10_for_one/
Anyone know when this Coke flavor is coming out in the UK?,,8,2024-12-28 15:40:32,12,https://reddit.com/r/cocacola/comments/1ho85o1/anyone_know_when_this_coke_flavor_is_coming_out/
New flavour in Town!,"Coca-Cola Oreo Zero Sugar.
Weird, but good. 🙂

Anyone had this before?",31,2024-12-28 13:09:37,25,https://reddit.com/r/cocacola/comments/1ho5ctz/new_flavour_in_town/
Collection! (Epic),,6,2024-12-28 07:05:53,1,https://reddit.com/r/cocacola/comments/1ho0cv9/collection_epic/
Blue Coke Can ,"Back in 1996, My younger brother selected Nestea from a soda machine where he worked. He got his Nestea in this can. He drank most of it before realizing the can was a Coke can. I bought it from him shortly after.",250,2024-12-27 23:23:28,42,https://reddit.com/r/cocacola/comments/1hnrzq1/blue_coke_can/
Got these in my stocking today ,,39,2024-12-25 15:59:48,4,https://reddit.com/r/cocacola/comments/1hm38fa/got_these_in_my_stocking_today/
Coca Cola Lime is now in the UK🇬🇧 (can and bottle PET not imported from Romania),,15,2024-12-25 15:11:00,2,https://reddit.com/r/cocacola/comments/1hm2dob/coca_cola_lime_is_now_in_the_uk_can_and_bottle/
My collection ,Majority of what I have there are some new things and stuff I still want but still proud of how it's looking.,43,2024-12-25 08:05:42,5,https://reddit.com/r/cocacola/comments/1hlwln5/my_collection/
Classic coke machine ,,39,2024-12-24 20:14:59,1,https://reddit.com/r/cocacola/comments/1hllkn0/classic_coke_machine/
"Idk if anyone noted this, but was it just me who noticed this design when you put a Coca Cola in the freezer?",,0,2024-12-24 16:23:47,37,https://reddit.com/r/cocacola/comments/1hlgwyf/idk_if_anyone_noted_this_but_was_it_just_me_who/
Fit check,Merry Coca-Cola Christmas!!!!!,31,2024-12-23 12:40:18,2,https://reddit.com/r/cocacola/comments/1hkmwzc/fit_check/
"Cherry Coke now in Mexico! (bottled in Mexico, not imported from the U.S.!)",,19,2024-12-23 04:15:56,7,https://reddit.com/r/cocacola/comments/1hkftx4/cherry_coke_now_in_mexico_bottled_in_mexico_not/
My Coca Cola float after I left it for 30 minutes,"Im sure it’s still fine, and you best be sure I will be consuming this. It’s just interesting how the ice cream filtered out the color, as it’s somewhat transparent now.",5,2024-12-23 03:36:28,15,https://reddit.com/r/cocacola/comments/1hkf5tv/my_coca_cola_float_after_i_left_it_for_30_minutes/
24a,"Went to world of coca cola while visiting atlanta for a concert.  Its like a cotton candy colored soda thats sweet but not too sweet.

Any ideas what it is?

Also, mezzo mix is god tier awesome",4,2024-12-22 18:13:27,2,https://reddit.com/r/cocacola/comments/1hk44gp/24a/
Simple Timex Coca Cola for the day,,22,2024-12-22 16:17:12,5,https://reddit.com/r/cocacola/comments/1hk1o7s/simple_timex_coca_cola_for_the_day/
Need this 🤣,Credit to http://clothingyouneed.com,63,2024-12-22 16:17:12,6,https://reddit.com/r/cocacola/comments/1hk1o7l/need_this/
Coca Cola Glasses,My 2 glasses that I got on Etsy. Also got my mom an hourglass Tab glass (not pictured). ,25,2024-12-22 03:14:22,5,https://reddit.com/r/cocacola/comments/1hjpzvf/coca_cola_glasses/
Coke bottles through the years and tin bottles from 1936,,41,2024-12-21 22:33:56,9,https://reddit.com/r/cocacola/comments/1hjky91/coke_bottles_through_the_years_and_tin_bottles/
Coca-Colas secured ,"I recently got together some Coca-Colas from mainly Japan (& one UK version) that have been discontinued for some time now. 

The rarest ones are probably Green Tea or Citra but let me know which you'd choose.",56,2024-12-21 21:47:44,7,https://reddit.com/r/cocacola/comments/1hjk0mu/cocacolas_secured/
Coca-Cola Polar Bears (1993),,50,2024-12-21 16:24:20,5,https://reddit.com/r/cocacola/comments/1hjd80o/cocacola_polar_bears_1993/
Today’s Coke selection ,,14,2024-12-20 19:35:54,4,https://reddit.com/r/cocacola/comments/1hirroz/todays_coke_selection/
Maybe someone here can appreciate this lol,Merchandiser for Coca Cola 😁😁 aesthetically pleasing aside from the top shelf 😆 and also that stupid Fanta strawberry hole. Any other merchandisers in this sub? ,542,2024-12-20 18:21:37,191,https://reddit.com/r/cocacola/comments/1hiq4hz/maybe_someone_here_can_appreciate_this_lol/
Does anybody have Coca Cola codes from Croatia ?,"I would very much like to give hoodie and blanket to my very dear friend, if anybody could send me extra Coca Cola codes I would be eternally grateful. 
",2,2024-12-20 14:06:57,0,https://reddit.com/r/cocacola/comments/1hikils/does_anybody_have_coca_cola_codes_from_croatia/
Where do i find the code for their Christmas promo?,,2,2024-12-20 11:45:06,1,https://reddit.com/r/cocacola/comments/1hii23l/where_do_i_find_the_code_for_their_christmas_promo/
Metal Detector Find! Any clue on date?,"Cap is larger than a normal cap, it’s also screw off. Google image search is coming up empty.",3,2024-12-19 18:42:40,0,https://reddit.com/r/cocacola/comments/1hhzuc0/metal_detector_find_any_clue_on_date/
What would happen if you drank this ,Circa 1980-something? ,86,2024-12-19 18:38:18,31,https://reddit.com/r/cocacola/comments/1hhzqp9/what_would_happen_if_you_drank_this/
Costco Reportedly to Switch Food Court Soda Back to Coca-Cola Products in 2025,"[https://www.thedailymeal.com/1741803/costco-switching-pepsi-coke-food-court/](https://www.thedailymeal.com/1741803/costco-switching-pepsi-coke-food-court/)

Member complaints driving the switch.",2149,2024-12-19 13:56:14,243,https://reddit.com/r/cocacola/comments/1hhtezo/costco_reportedly_to_switch_food_court_soda_back/
My Coca Cola collection has started.,,21,2024-12-19 00:00:50,8,https://reddit.com/r/cocacola/comments/1hhfn2q/my_coca_cola_collection_has_started/
"Coca Cola cu cireșe, Lămâie și lămâie Verde ","Pentru toți cei care nu se mulțumesc cu o singură opțiune, Coca‑Cola lansează trei noi variante răcoritoare: Coca‑Cola cu gust de Lămâie, Coca-Cola cu gust de cireșe și Coca‑Cola cu gust de Lămâie Verde 17 aprilie și 19 decembrie, București Coca‑Cola lansează în România nu una, ci trei variante noi de băuturi cu aromă revigorantă de citrice. Coca‑Cola cu gust de Lămâie, Coca-Cola cu gust de cireșe și Coca‑Cola cu gust de Lămâie Verde aduc, începând cu luna aprilie și decembrie, o nouă experiență savuroasă celor care iubesc gustul delicios și inconfundabil Coca‑Cola și nu numai.

Preferințele consumatorilor sunt la fel de variate ca playlisturile pe care le ascultă. Așa cum unora le plac vacanțele la mare, dar se bucură și de un weekend la munte, așa cum unii își planifică în cele mai mici detalii ziua, dar se lasă și purtați de spontaneitate sau așa cum unora le place culoarea roșu, dar vor să poarte și mov, verde sau galben, tot așa sunt și preferințele oamenilor, iar o singură variantă nu e de ajuns.

Coca‑Cola crede că cei care apreciază aromele fresh, de citrice, în băuturile cola, și care vor să încerce gusturi noi nu trebuie să se mulțumească doar cu o singură opțiune. Așa s-a născut ideea de a lansa în același timp două noi variante savuroase: Coca‑Cola cu gust de Lămâie, Coca‑Cola cu gust de cireșe și Coca‑Cola cu gust de Lămâie Verde, sub ideea creativă „Când un twist nu e de ajuns”, ""Acum cu Zero Zahăr"".

„Suntem încântați să le oferim celor care iubesc gustul unic Coca‑Cola nu una, ci două variante prin care se pot bucura de băutura preferată într-o experiență fresh și delicioasă. Invităm consumatorii să încerce ambele variante și să le savureze pe fiecare în funcție de moment. Pentru că o singură aromă favorită nu e de ajuns pentru cât de diverse sunt gusturile lor.” – Iuliana Nedelcu, marketing director Coca‑Cola România.

Coca‑Cola cu gust de Lămâie, Coca-Cola cu gust de cireșe și Coca‑Cola cu gust de Lămâie Verde fac o pereche care se completează și vor fi comunicate împreună în campania de marketing. Ambele băuturi vor fi disponibile pe rafturile din România începând cu luna aprilie și decembrie , în ambalaje din PET reciclat de 300ml, 500ml, 1l, 1.5l și 2l, dar și la doze de 330 ml.

Despre Compania Coca‑Cola

Coca‑Cola este o companie pentru toți, care oferă produse în peste 200 de țări și teritorii. Misiunea companiei noastre este de a răcori lumea și a se implica într-o schimbare în bine. Alături de mărcile Coca‑Cola, portofoliul nostru include Sprite, Fanta și alte băuturi răcoritoare. Din categoriile de apă, băuturi pentru sportivi, cafea și ceaiuri, oferim brandurile Dasani, smartwater, vitaminwater, Topo Chico, Powerade, Costa, Georgia, Gold Peak, Honest și Ayakata iar pe segmentele de băuturi nutriționale, sucuri, lapte și băuturi pe bază de plante, oferim, printre altele, brandurile Minute Maid, Simply, innocent, Del Valle, fairlife și AdeZ. Ne adaptăm în mod constant portofoliul, începând cu reducerea zahărului din băuturile noastre, până la dezvoltarea unor produse noi, inovatoare. Totodată, lucrăm pentru a avea un impact pozitiv în viețile oamenilor, în comunitate și asupra planetei, prin reaprovizionarea cu apă a surselor noastre, prin promovarea reciclării ambalajelor, practici sustenabile de aprovizionare și reducerea emisiilor de carbon pe întregul lanț de valoare. Împreună cu partenerii noștri de îmbuteliere, avem peste 700.000 de angajați, oferind oportunități economice comunităților locale din întreaga lume.

În România, ca în toate ţările în care îşi desfăşoară activitatea, Coca‑Cola deţine şi funcţionează pe baza unui sistem propriu, incluzând toate verigile necesare producerii şi distribuţiei produselor către consumatori. Pe plan local, Sistemul este format din Coca‑Cola România (filială a The Coca‑Cola Company, proprietarul mărcilor înregistrate) şi partenerul său, Coca‑Cola HBC România, care îmbuteliază şi distribuie produsele Coca‑Cola sub licenţa The Coca‑Cola Company în România.

https://preview.redd.it/yjdvgt5fom7e1.png?width=1600&format=png&auto=webp&s=c29a4af252a8b58e64d5c28819488bc4f3efe277

",1,2024-12-18 15:41:38,0,https://reddit.com/r/cocacola/comments/1hh4ab0/coca_cola_cu_cireșe_lămâie_și_lămâie_verde/
"COCA COLA LIME ORIGINAL IN UK, ROMANIA AND AUSTRALIA ",,2,2024-12-18 15:17:35,0,https://reddit.com/r/cocacola/comments/1hh3ro9/coca_cola_lime_original_in_uk_romania_and/
Coca Cola AI. ,,2,2024-12-18 01:01:30,0,https://reddit.com/r/cocacola/comments/1hgpw19/coca_cola_ai/
My mom's Coca-Cola collection ,"Looking to sell everything but idk much about it All the boxes seem to have damage or seem to be open but they have everything inside, all seem to be from the 90s or older",43,2024-12-18 00:21:41,7,https://reddit.com/r/cocacola/comments/1hgp3hv/my_moms_cocacola_collection/
Coca-Cola Co. promotes Henrique Braun to COO role,,3,2024-12-18 00:13:18,0,https://reddit.com/r/cocacola/comments/1hgox6c/cocacola_co_promotes_henrique_braun_to_coo_role/
"Current/Former Coca Cola Workers - interview and job acceptance tips?
","For those of who who work for or have worked for Coca Cola, looking for tips to ace an interview or best strategies to get accepted for the job. Mainly entry-level and hourly jobs (warehouse, manufacturing, etc!). Would love to hear from people who've been through the process:

* What did the process look like after you applied?
* What questions did they ask you?
* What answers worked well?
* What do they really care about in candidates?
* Any tips that helped you land the job?",1,2024-12-17 20:41:51,4,https://reddit.com/r/cocacola/comments/1hgkalu/currentformer_coca_cola_workers_interview_and_job/
Coca Cola Lime coming to UK. Full and zero sugar,,70,2024-12-17 17:57:42,35,https://reddit.com/r/cocacola/comments/1hggig8/coca_cola_lime_coming_to_uk_full_and_zero_sugar/
Found this speaker 🗣️🗣️,,36,2024-12-17 02:37:00,6,https://reddit.com/r/cocacola/comments/1hg0nnn/found_this_speaker/
Trio of Coke,Picked up a few Coke’s today. I think the small bottles are cute.,48,2024-12-16 14:25:31,10,https://reddit.com/r/cocacola/comments/1hfk8c3/trio_of_coke/
Anybody have any updates about the next CCC,,1,2024-12-16 03:55:58,4,https://reddit.com/r/cocacola/comments/1hfal1k/anybody_have_any_updates_about_the_next_ccc/
Trying to find the formula,"[The data](https://preview.redd.it/4y3sqwopn27e1.png?width=560&format=png&auto=webp&s=72ce29e8cfa77aff729ce583efc577add7ed4336)

Hello, people of the world. Recently, I have been on a journey to find the coca cola secret formula using reverse engineering techniques. I have always loved science, but now, I am taking it a step further. There are two possibilities. Either my formula is actually, partially, correct, or it is complete garbage and should be thrown away into the hall of ""at least you tried!"". I don't own a million-dollar lab, I want to get that right, but I have been getting $10-20 lab equipment like refractometers, and pH meters, and beakers. I have not gotten the natural flavors down yet, but all I know is that in total, if my calculations are correct, there are about 8 ml of natural flavors. I would explain how I got there, but if you can read the graph, I shouldn't have to tell you, and if you can't read the graph, you probably won't be able to understand the quantum boogaloo that comes out of my mouth. All you need to know is that NRM, NRV, and NRD are measures of matter in the drink that's mass does not directly correlate to its refractive index, or in other words, natural flavors (or at least most). Anyways, once I get the natural flavors figured out, I will probably, maybe, post the data on sourceforge, because I want the whole world to see it. If I violated any rules of this subreddit, or made anybody angry for any reason, I am genuinely sorry. Have a nice day!",4,2024-12-15 20:38:13,5,https://reddit.com/r/cocacola/comments/1hf1r2d/trying_to_find_the_formula/
"Coca Cola, your recent Christmas ad made me think YOU are the bot. ",https://login.naou.coca-cola.com/a62739e6-ccaa-4a4a-831c-416177dae1ea/B2C_1A_SignUp_SignIn_gam/api/SelfAsserted/confirmed?csrf_token=SldHT3lpMkNXU0JpL1FuckxGVjhZZ3VqTDR6WW5uakVzYXJ0cGRJWFB3cmNaMkdjaDc2UDRCay82U0JQYm8vNE9tT1l3bjRJZ2NDSVhYV3A5T1U0cVE9PTsyMDI0LTEyLTE1VDEzOjI2OjQ4Ljk0NDU0MTdaO2NPNnpLRzd4RDNJZFlFTWw3WCtJU0E9PTt7IlRhcmdldEVudGl0eSI6IkFBRC1Vc2VyRGlzY292ZXJ5VXNpbmdFbWFpbC1Ob0Vycm9yIiwiT3JjaGVzdHJhdGlvblN0ZXAiOjExfQ==&tx=StateProperties=eyJUSUQiOiI2MjQwYjM0MC0xMTBkLTQ4YjMtOTZmMC01MGE2ZGI5OGMyYmQifQ&p=B2C_1A_SignUp_SignIn_gam&diags=%7B%22pageViewId%22%3A%2286cb7881-9930-4a51-89ab-e6d1fc96717d%22%2C%22pageId%22%3A%22SelfAsserted%22%2C%22trace%22%3A%5B%7B%22ac%22%3A%22T005%22%2C%22acST%22%3A1734269209%2C%22acD%22%3A3%7D%2C%7B%22ac%22%3A%22T021%20-%20URL%3Ahttps%3A%2F%2Fcdn.global.gcds.coke.com%2Fnaou%2Fsign-up.html%22%2C%22acST%22%3A1734269209%2C%22acD%22%3A35%7D%2C%7B%22ac%22%3A%22T019%22%2C%22acST%22%3A1734269209%2C%22acD%22%3A1%7D%2C%7B%22ac%22%3A%22T004%22%2C%22acST%22%3A1734269209%2C%22acD%22%3A1%7D%2C%7B%22ac%22%3A%22T003%22%2C%22acST%22%3A1734269209%2C%22acD%22%3A1%7D%2C%7B%22ac%22%3A%22T035%22%2C%22acST%22%3A1734269210%2C%22acD%22%3A0%7D%2C%7B%22ac%22%3A%22T030Online%22%2C%22acST%22%3A1734269210%2C%22acD%22%3A0%7D%2C%7B%22ac%22%3A%22T035%22%2C%22acST%22%3A1734269210%2C%22acD%22%3A0%7D%2C%7B%22ac%22%3A%22T017T010%22%2C%22acST%22%3A1734269308%2C%22acD%22%3A1012%7D%2C%7B%22ac%22%3A%22T002%22%2C%22acST%22%3A1734269309%2C%22acD%22%3A0%7D%2C%7B%22ac%22%3A%22T017T010%22%2C%22acST%22%3A1734269308%2C%22acD%22%3A1012%7D%5D%7D,0,2024-12-15 13:32:29,0,https://reddit.com/r/cocacola/comments/1hesmo1/coca_cola_your_recent_christmas_ad_made_me_think/
Lime Powerade?,"Does anyone know if/where i can get lime Powerade? It’s not lemon-lime, it’s just lime. So far i’ve only seen it in the Coca-Cola Freestyle machines.",5,2024-12-14 07:15:56,3,https://reddit.com/r/cocacola/comments/1hdxjww/lime_powerade/
Bottling plant question,Hello all! I’m doing some research and was wondering what was the closest Coca-Cola bottling plant to the Bronx New York in the 1950s? Was there a bottling plant in the Bronx in the 1950s?,2,2024-12-14 03:30:40,0,https://reddit.com/r/cocacola/comments/1hdtzol/bottling_plant_question/
Since when has stevia been in Coca Cola Zero? or when was the composition of Coca Cola Zero changed?,is it also included in the USA? the Coca Cola Zero is from Germany,8,2024-12-13 22:07:53,15,https://reddit.com/r/cocacola/comments/1hdnok2/since_when_has_stevia_been_in_coca_cola_zero_or/
Non-fizzy cola,Hello all! I have a question: I love cola zero and have been drinking it for years. I don't like the fizziness tho and I usually open the bottle and let it fiz out. Is coca cola ever going to release a flat version to stores/public?,0,2024-12-12 20:51:29,15,https://reddit.com/r/cocacola/comments/1hcv0xh/nonfizzy_cola/
How I Handle Coke vs Pepsi Debates ,,22,2024-12-11 19:53:17,6,https://reddit.com/r/cocacola/comments/1hc2c69/how_i_handle_coke_vs_pepsi_debates/
"Have an offer for a Reyes Coca-Cola account manager. See online it says early starts at around 6am, what are your daily hours? ",,5,2024-12-11 02:06:35,9,https://reddit.com/r/cocacola/comments/1hbisiw/have_an_offer_for_a_reyes_cocacola_account/
Coca-Cola Holiday Caravan,"For people who have been fortunate enough to experience the Coca-Cola Holiday Caravan during one of its stops, what exactly do you get out of it? Is it worth traveling to or better to pass on?

[https://www.coca-cola.com/us/en/brands/coca-cola/coke-holiday/caravan](https://www.coca-cola.com/us/en/brands/coca-cola/coke-holiday/caravan)",7,2024-12-11 01:16:56,0,https://reddit.com/r/cocacola/comments/1hbhtaw/cocacola_holiday_caravan/
What are your thoughts on this?,"Coca cola no longer plans to phase out single use plastics, despite its origional plans to do so.",50,2024-12-10 22:14:19,94,https://reddit.com/r/cocacola/comments/1hbdvx8/what_are_your_thoughts_on_this/
Why has Coke discontinued Coke Spiced?!,"This is a bunch of BS! This was, like, /the/ best flavor they ever produced.

https://www.cnn.com/2024/09/24/food/coca-cola-spiced-discontinued/index.html

Coke: You're making a huge mistake. Do you realize I had to drive around to like 4 different stores to find one with stock? And then I cleaned them out (Coke Spice Zero, specifically)....

Why do you do this? You get me addicted to a new flavor, and then, what, you decide meh, I'm gonna cut the supply. 

Garbage.

For those who didn't like it: I get it; if you go in thinking ""This should taste exactly like Coca Cola Classic"", it's ""gross"". That was my first reaction to it, too. But the minute I decided ""OK, this isn't supposed to taste like regular Coca Cola, that's kind of the point, but think of it as an arguably better (or at least re-interpreted) version of Dr Pepper"", then you start to realize, ""Wow, they really had something, here"". And the next thing you know, you're driving around like a crack-head trying to find their next fix, panicked at the local grocer when they too are out of stock.

Bring it back! You have to give people time to discover it. Maybe you had some poor sales. Give. It. Time. Maybe your marketing sucked - you just drop it on the shelf and hope for the best? C'mon now. Don't blame the consumer for your own marketing failings. Sheesh.",0,2024-12-10 12:40:26,53,https://reddit.com/r/cocacola/comments/1hb0uq8/why_has_coke_discontinued_coke_spiced/
is this redeemable? It says up to 3.99,,12,2024-12-08 20:11:24,8,https://reddit.com/r/cocacola/comments/1h9rlcf/is_this_redeemable_it_says_up_to_399/
What the heck is this about do you see the problem with this picture ,,18,2024-12-08 19:57:18,42,https://reddit.com/r/cocacola/comments/1h9r9mz/what_the_heck_is_this_about_do_you_see_the/
"Coca Cola event in Toronto, Ontario ",,66,2024-12-08 18:56:24,4,https://reddit.com/r/cocacola/comments/1h9pvyz/coca_cola_event_in_toronto_ontario/
Quiz Time! ,Which one has not been a name of this soda? ,4,2024-12-08 18:32:21,8,https://reddit.com/r/cocacola/comments/1h9pc8w/quiz_time/
I love orijinal tat,I think this is a different language or a malfunction,12,2024-12-08 15:00:57,3,https://reddit.com/r/cocacola/comments/1h9kmm2/i_love_orijinal_tat/
Coca-Cola No Caffeine ,"Hello everybody, 

I'm looking for a classic Coca-Cola (with sugar) but without caffeine. Where can I get one? I live in Poland and the only version without caffeine also doesn't have sugar and it's pretty hard for me to find a legit offer with worldwide delivery that's not a scam. ",1,2024-12-08 12:45:22,0,https://reddit.com/r/cocacola/comments/1h9i3qe/cocacola_no_caffeine/
"is this original coca cola? Like i bought this but it just looks overly shiny and says ""great tasting and refreshing"" which i never saw before, and it says ""Proudly nigerian"" am i drinking nigerian rat poison or it just looks weird",,0,2024-12-07 20:02:42,5,https://reddit.com/r/cocacola/comments/1h90vox/is_this_original_coca_cola_like_i_bought_this_but/
Do y’all bother collecting modern cans/bottles?,"Started a collection 2 years ago of Dr Pepper, but since the area where I live is scarce or Dr Pepper I switched to Coca-Cola, I collect any type of can, with its non-multipack/usual barcode can then it’s multipack version if there is one. I also got a bunch of marvel bottles, and Christmas ones, and the usual ones, but I have a whole list of types of cans to get, flavours, glass bottles, and try get more things from around the world. I also am planning to try collect older things without spending that much money.

I’m keeping them all my life if possible, then maybe in my last years of my life I’ll sell them to go towards my family, but I just feel like shaping people a couple brands like coke, Pepsi, Irn bru, Dr Pepper etc what the cans looked like back during my life. 

I just want your guys thoughts on this technical life-long investment, and if you all think they’ll be worth anything in 50-60 odd years from now",3,2024-12-07 16:53:40,1,https://reddit.com/r/cocacola/comments/1h8wo0z/do_yall_bother_collecting_modern_cansbottles/
Looking for Official branded clothes in the UK,"My Girlfriend absolutely adores Coca Cola, which means gift ideas aren't low, but the accessibility in the UK is grossly disappointing. 
I'm specifically looking for the ""Womens 'Polar Bear' dorm dress"" (the grey wooly one with the ""Coca Cola"" print on the front). 

Honestly I don't mind if it's not authentic, but I would prefer to buy her the real thing as it's the thought that counts especially with it being our first christmas together...

If anyone knows anyone willing to sell theirs online, I would be incredibly grateful as I know she has wanted something of the like since before i met her, but hasn't been motivated enough to buy it herself.
Hopefully should work out before christmas
Thanks :)",3,2024-12-07 07:31:05,0,https://reddit.com/r/cocacola/comments/1h8nduv/looking_for_official_branded_clothes_in_the_uk/
My fav coke products from mexico,"I think my favorite would definitely be sprite because of how subtle it is compared to the American stuff, there's not too much carbonation🫧",50,2024-12-07 04:12:19,22,https://reddit.com/r/cocacola/comments/1h8kazs/my_fav_coke_products_from_mexico/
Found these shirts today,Anyone have any info on them? ,42,2024-12-06 05:08:49,1,https://reddit.com/r/cocacola/comments/1h7tuk8/found_these_shirts_today/
2002 Winston Cup Champion bottles,Found a case with 4 intact bottles at a foreclosure I’m cleaning out,6,2024-12-06 00:09:43,3,https://reddit.com/r/cocacola/comments/1h7o1gz/2002_winston_cup_champion_bottles/
"Coca-Cola left Russia, but there is a nuance...","Coca-Cola left Russia 🇷🇺 BUT, at the facilities of their converted factories, products continue to be actively produced, which Coca-Cola from the CIS countries buys from its Russian quasi-daughter and successfully sells quietly further 🤡 because money doesn’t smell 🙂‍↔️ 🙈 It was me who took the can of energy drink in my hands at night 😏",12,2024-12-04 22:03:40,10,https://reddit.com/r/cocacola/comments/1h6sl7p/cocacola_left_russia_but_there_is_a_nuance/
My Dad had these for years ,,32,2024-12-04 18:48:39,4,https://reddit.com/r/cocacola/comments/1h6nrpf/my_dad_had_these_for_years/
"[funny] Is Zevia’s Holiday Ad the Perfect Response to Coca-Cola’s AI Controversy? Three arms, a smashed snowman, and soda with zero artificial nonsense :)",,1,2024-12-04 16:23:14,1,https://reddit.com/r/cocacola/comments/1h6k31l/funny_is_zevias_holiday_ad_the_perfect_response/
Coca Cola Orange Cream,They were giving them away at work tonight,30,2024-12-04 08:45:53,15,https://reddit.com/r/cocacola/comments/1h6bn28/coca_cola_orange_cream/
Mexican Coke ingredients,"Can someone help me please reconcile the notion that ""Mexican Coke"" is made with cane sugar (as noted in the ""product details"") with also having high fructose corn syrup in the ingredients list?

I hope links are allowed--this is not a commission link or anything. Just a store next to me:

https://www.harristeeter.com/p/coca-cola-mexico-soda-bottles/0004900004422",5,2024-12-04 00:42:29,9,https://reddit.com/r/cocacola/comments/1h637tz/mexican_coke_ingredients/
Is it hard to get a job as a coca cola merchandiser? And what's the pay like? Can I pick my shifts?,"Basically title, I know you need your own insurance and drive your own car. Is the pay worth it? How many miles are they gonna make one drive? Can I work afternoons only?",0,2024-12-03 21:26:08,35,https://reddit.com/r/cocacola/comments/1h5ynnt/is_it_hard_to_get_a_job_as_a_coca_cola/
Coca-Cola Classic Christmas 90's TVC,,5,2024-12-01 19:37:00,1,https://reddit.com/r/cocacola/comments/1h4bfru/cocacola_classic_christmas_90s_tvc/
Heartland Coca Cola,Can anyone that works for Heartland tell me how it is? I might be relocating from CCBF to heartland and was wondering if it was worth it! TIA!,3,2024-11-30 23:43:36,4,https://reddit.com/r/cocacola/comments/1h3ppoe/heartland_coca_cola/
There are over 60 flavors of Coca-Cola I didn't know that I found that out on google,,14,2024-11-30 18:02:42,29,https://reddit.com/r/cocacola/comments/1h3icpl/there_are_over_60_flavors_of_cocacola_i_didnt/
This is the best soda,,8,2024-11-30 02:23:01,8,https://reddit.com/r/cocacola/comments/1h32bdq/this_is_the_best_soda/
"Băi, am găsit Coca Cola cu cireșe la 500ml și 1.5L ",,6,2024-11-29 17:54:50,1,https://reddit.com/r/cocacola/comments/1h2rizo/băi_am_găsit_coca_cola_cu_cireșe_la_500ml_și_15l/
Throwback to the 2010 Winter Olympics ,Found this while going through some stuff. I spent a lot of time at the Coca-Cola house during the Vancouver Winter Olympics. ,5,2024-11-29 15:40:32,0,https://reddit.com/r/cocacola/comments/1h2ohec/throwback_to_the_2010_winter_olympics/
Throwback to the 2010 Winter Olympics ,Found this while going through some stuff. I spent a lot of time at Coca-Cola house during the Vancouver Winter Olympics. ,15,2024-11-29 15:38:30,0,https://reddit.com/r/cocacola/comments/1h2ofv7/throwback_to_the_2010_winter_olympics/
Coca-Cola Backpack Bistro,"[Looked into this backpack a bit and only found one thing online of it being sold 4 years ago on eBay. I couldn't find any other pictures or information about it. I'm wondering if anyone here might be able to help with letting me know or pointing me in the direction of more information, or its value :\) Full name of the backpack is Coca-Cola Backpack Bistro for Two.](https://preview.redd.it/uiror12a5r3e1.png?width=3000&format=png&auto=webp&s=54080f44f913573a01be48a22bc5dae5719539be)

https://preview.redd.it/167uc8hi5r3e1.png?width=435&format=png&auto=webp&s=23d05401b49eef01d93b65dcd9a6fd4bbaae23df

",6,2024-11-29 02:33:50,2,https://reddit.com/r/cocacola/comments/1h2bqw0/cocacola_backpack_bistro/
I was working as coke merchandiser ,"What is look like to be merchandiser at Coke 
Hours : 
6 am to 2 pm 
I had to get up at 5 am ,take a shower and get ready cause already by 6 am I had to be at the store already 
But good thing that I was home by 2-3 pm already 
Usually my schedule was 6/1 ,yeah only 1 day off a week ,this is the big red flag to me cause I always tried to find the best work - life balance (there is no balance when you work for Coke as merchandiser ) and 1 day off is never enough 
In my opinion the best schedule is 4/3 

Stores : 

It was fun ,small / big accounts 
Small accounts usually are Dollar general / target 

In DG you don’t even have to use pallet jacks ,they super fast (maximum 40 min ) and there is only one cart in back room 

Big accounts are Kroger / Meijer / Walmart 
Kroger backrooms are the worst ,no room ,very tight ,store receivers sometimes not really
Friendly to you 

Best backrooms I think are in Meijer ,plenty of room  
My biggest delivery was 22 pallets to Meijer 

Pay :

Paychecks were around 3-4k a month 

Random facts : 
-I ve built tons of displays ,last summer I had to set up around 4 displays of 12 packs for “buy 2 get 3 for free “ sale in Kroger  ,that was huge deal 

-One of store receivers wanted to fight me ,cause  he blocked my product and I said something about it lol ,I had to report him and we stop any interaction after that 

- you work independently 99% of time that very cool ,no one micromanaging you and this takes out lots of stress + to that my boss and the team , everyone was very nice 


Overall : I would give this job 3/5 ,was fun ,good times ,but I would never spent there more than 2 years of my life ",218,2024-11-29 02:04:45,89,https://reddit.com/r/cocacola/comments/1h2b8y7/i_was_working_as_coke_merchandiser/
"In 2009, Beverage Partnership Worldwide (Parent: Nestle & Coca-Cola) settled a $650,000 lawsuit for allegedly claiming their green tea drink, Enviga, burns calories and results in weight loss.",,4,2024-11-28 02:57:20,3,https://reddit.com/r/cocacola/comments/1h1m7s9/in_2009_beverage_partnership_worldwide_parent/
What started your love for Coca-Cola?,"Some will say they simply love drinking Coke. Others will cite the marketing material such as posters and commercials. Some may have gotten interested because of a relative or friend's love for Coke.

What is your reasoning for loving Coca-Cola?",6,2024-11-27 03:02:00,12,https://reddit.com/r/cocacola/comments/1h0ug2w/what_started_your_love_for_cocacola/
The new Sprite is at Kroger now,,47,2024-11-27 00:33:22,45,https://reddit.com/r/cocacola/comments/1h0rhxx/the_new_sprite_is_at_kroger_now/
You know it’s the holidays when Santa is on Coke bottles!,,174,2024-11-26 21:09:21,29,https://reddit.com/r/cocacola/comments/1h0mw97/you_know_its_the_holidays_when_santa_is_on_coke/
Coca-cola cherry or coca-cola spiced?,,26,2024-11-26 18:26:13,33,https://reddit.com/r/cocacola/comments/1h0iuna/cocacola_cherry_or_cocacola_spiced/
"New coke employee, can't help but share the truck i drove today, so proud to work for coke",Censored some of the truck numbers just for safety,965,2024-11-25 23:21:26,221,https://reddit.com/r/cocacola/comments/1gzx6am/new_coke_employee_cant_help_but_share_the_truck_i/
Rant,"Sorry for the long rant just need to vent. 

So some of you might remember back in april- july there was a collab with marvel where the following characters  would be on cans.

 Coca-Cola: Blade, Cable, Colossus, Daredevil, Deadpool, Elektra, Juggernaut, Kingpin, Loki, Moon Knight, Negasonic Teenage Warhead, Wolverine, Nick Fury, Storm (US Only), Super Skrull, War Machine

Coca-Cola Zero Sugar: Ant-Man, Black Panther, Black Widow, Captain America, Captain Marvel, Doctor Strange, Groot, Hulk, Iron Man, Ms. Marvel, She-Hulk, Rocket, Scarlet Witch, Shang-Chi, Star-Lord, Thanos, Thor. 

Well the promotion didn't reach europe until late September early October, I live in england where the cans weren't sold however they were sold in irealand where my sister lives but for some reason the only characters available were deadpool, loki, wolverine, thanos, black widow and falcon. I'm am upset and angry that some countries never got the full list advertised not even by half and now I'll probably never get the character I want without forking out a ton of money on ebay. 
",2,2024-11-25 13:36:05,4,https://reddit.com/r/cocacola/comments/1gziyk6/rant/
Cool collectible: Coca Cola Dunny sculpture by Kidrobot,"Ordered this a while ago, and it finally came in.  About the size of a Funko pop. Love how the ear is the shape is the classic bottle. Let me know what you think. ",71,2024-11-24 23:10:05,3,https://reddit.com/r/cocacola/comments/1gz4d6i/cool_collectible_coca_cola_dunny_sculpture_by/
1996 Olympic edition,Are these highly sought after or anything? They’re my dads so I’m not trying to sell them or anything just wondering ,36,2024-11-24 15:44:39,2,https://reddit.com/r/cocacola/comments/1gytv1r/1996_olympic_edition/
What is this abomination I created with frozen Coca-Cola?,,0,2024-11-24 06:49:36,7,https://reddit.com/r/cocacola/comments/1gykxq6/what_is_this_abomination_i_created_with_frozen/
My Styrofoam Label Glass Bottle Collection.,,52,2024-11-24 04:16:48,5,https://reddit.com/r/cocacola/comments/1gyiimu/my_styrofoam_label_glass_bottle_collection/
Any idea of the age or value of these wood Coca-Cola hand-painted signs,,21,2024-11-21 17:35:59,7,https://reddit.com/r/cocacola/comments/1gwl23d/any_idea_of_the_age_or_value_of_these_wood/
Remember when Six Flags and Coca-Cola did these discounts?,,192,2024-11-21 16:33:22,12,https://reddit.com/r/cocacola/comments/1gwjg8y/remember_when_six_flags_and_cocacola_did_these/
Coca Cola Miami Florida Bottling Co 1907-1908 EXTREMELY SCARCE Root Bottle   | eBay,,3,2024-11-21 11:45:42,0,https://reddit.com/r/cocacola/comments/1gwed51/coca_cola_miami_florida_bottling_co_19071908/
The difference between CC culture in the Headquarter and Asia one (Singapore),"Hello guys, I’m asking those information for my assignment in class. I tried to research on the Internet but I want my assignment more accurate and practical. I appreciate any comments. This is my CC collection at home.",5,2024-11-20 06:36:52,2,https://reddit.com/r/cocacola/comments/1gvjg9d/the_difference_between_cc_culture_in_the/
Just why Coca-Cola?,"I’m not gonna stop drinking their drinks, I’m just disappointed about this ad. They could’ve just did a throwback or make something without using AI",38,2024-11-19 04:55:04,61,https://reddit.com/r/cocacola/comments/1gupg3q/just_why_cocacola/
Coca-Cola Happiness Machine / 2010,,16,2024-11-19 03:47:12,0,https://reddit.com/r/cocacola/comments/1guo7c8/cocacola_happiness_machine_2010/
I’m having a big coca-cola auction selling my entire collection all at once - this is a good opportunity to get cool rare stuff for cheap,"Please check it out if you are interested, here is the link https://www.auctionninja.com/spacemaster/sales/details/albertson-ny-international-coca-cola-auction-rare-bottles-signs-art-advertising-toys-silver-glassware-decor-mdd-auctions-63.html",3,2024-11-18 18:24:43,0,https://reddit.com/r/cocacola/comments/1gublud/im_having_a_big_cocacola_auction_selling_my/
 New Coca-Cola glass 🥤,,46,2024-11-18 04:34:51,5,https://reddit.com/r/cocacola/comments/1gtwrfz/new_cocacola_glass/
When you see an AI Coca Cola ad,,13,2024-11-17 20:45:23,12,https://reddit.com/r/cocacola/comments/1gtn6z2/when_you_see_an_ai_coca_cola_ad/
Vintage sign for sale,"Does anyone know exactly what sign this is? Its for sale and I really want it. I have never bought anything vintage before, but also don't want to get robbed. It's posted for $950.",18,2024-11-16 21:05:57,5,https://reddit.com/r/cocacola/comments/1gsx01i/vintage_sign_for_sale/
What are your thoughts on this ai generated coca cola ad?,,47,2024-11-16 02:50:11,63,https://reddit.com/r/cocacola/comments/1gsdq78/what_are_your_thoughts_on_this_ai_generated_coca/
This 42-year old Commemorative Coca-Cola. Still completely sealed!,,332,2024-11-15 16:12:38,37,https://reddit.com/r/cocacola/comments/1grzvjq/this_42year_old_commemorative_cocacola_still/
My Dad's Tray,,29,2024-11-15 13:47:45,3,https://reddit.com/r/cocacola/comments/1grwqdj/my_dads_tray/
Found my 1995 Coca Cola Slam Dunk basketball in my storage unit. Thought it might get some interest here!,,4,2024-11-15 10:44:02,2,https://reddit.com/r/cocacola/comments/1grtmti/found_my_1995_coca_cola_slam_dunk_basketball_in/
My collection,,25,2024-11-15 04:14:14,7,https://reddit.com/r/cocacola/comments/1gro0ul/my_collection/
Found these at a thrift store ,Anybody know if they are safe?,206,2024-11-14 21:40:55,67,https://reddit.com/r/cocacola/comments/1grg2eq/found_these_at_a_thrift_store/
Doe anyone know if this is authentic or not?,,0,2024-11-14 01:31:07,2,https://reddit.com/r/cocacola/comments/1gqtf98/doe_anyone_know_if_this_is_authentic_or_not/
Won some fanta socks,Farmed the bettlejuice minigame in the coca cola app and got some socks.,67,2024-11-13 09:29:07,7,https://reddit.com/r/cocacola/comments/1gq9494/won_some_fanta_socks/
Can you list me some of your favourite (exclusive) flavours of coke?,"I live in europe, germany and personally where I live we only have cherry, zero sugar, light and original. What are In your opinions your most favourite exclusive coke flavours. Exclusive Is like Coca Cola Oreo as example 😅",12,2024-11-12 19:30:17,27,https://reddit.com/r/cocacola/comments/1gpt5tc/can_you_list_me_some_of_your_favourite_exclusive/
Coca Cola crate from India. The year of this crate is 2000.,"

",17,2024-11-12 03:36:04,5,https://reddit.com/r/cocacola/comments/1gpbniz/coca_cola_crate_from_india_the_year_of_this_crate/
Was curious on what this sign would go for if I were to sell it . and possibly a rough estimate on the date.. thanks ,,11,2024-11-11 21:27:34,2,https://reddit.com/r/cocacola/comments/1gp3pvc/was_curious_on_what_this_sign_would_go_for_if_i/
Coca Cola Wozzaah Limited Edition - Morocco ,,48,2024-11-11 11:45:50,28,https://reddit.com/r/cocacola/comments/1goqcdt/coca_cola_wozzaah_limited_edition_morocco/
"Happy Veterans Day!, Coca Cola poster sealed dated 1944 ",,18,2024-11-11 04:31:46,1,https://reddit.com/r/cocacola/comments/1gojyxe/happy_veterans_day_coca_cola_poster_sealed_dated/
Wall clock.,"I'm trying to locate a value for this clock. I can't seem to locate it anywhere, I find several kinda close but always different face or material. Anyone have any ideas.
It's full metal and definitely older. ",29,2024-11-10 22:58:52,2,https://reddit.com/r/cocacola/comments/1godhom/wall_clock/
"Fluorescent nanoparticles present in Coca-Cola and Pepsi-Cola: physiochemical properties, cytotoxicity, biodistribution and digestion studies | Request PDF",,1,2024-11-09 18:53:20,2,https://reddit.com/r/cocacola/comments/1gnh27o/fluorescent_nanoparticles_present_in_cocacola_and/
Selling a Switch Lite Coke edition from the company. ,"If anybody is interested, let me know
It's a coca cola colab Nintendo switch lite from the company I won. I will cover shipping fees.",49,2024-11-08 22:36:49,24,https://reddit.com/r/cocacola/comments/1gmv63m/selling_a_switch_lite_coke_edition_from_the/
Just got this from the store,"Walked by, saw the price tag (20$) and thought it wasn’t a bad deal. I remember being young and McDonald’s giving out the glasses in the middle but it’s very vivid memories. This stuff is going to go well with my other coke memorabilia !",66,2024-11-08 19:56:36,4,https://reddit.com/r/cocacola/comments/1gmrh9a/just_got_this_from_the_store/
how is that possible,"okay so I just ordered mcdonald's with sprite and coca cola (separate cups ofc) and I started drinking them both  simultaneously (through sippers) and discovered a strange dependency that no matter how I set up the cups or which sipper is higher, you will always drink more coca cola than sprite at once, HOW",8,2024-11-08 08:24:11,5,https://reddit.com/r/cocacola/comments/1gmdvfl/how_is_that_possible/
"No way, I hate Mangos but I am still gonna at least try it.",,3,2024-11-08 00:16:45,7,https://reddit.com/r/cocacola/comments/1gm5gcd/no_way_i_hate_mangos_but_i_am_still_gonna_at/
Coca Cola Cinnamon Cans,"Coca Cola recently did the new (bought back) cinnamon flavour in the UK, i saw that it’s in 2L bottles but is there any cans? 

I have a collection of cans and i’d love to add a Cinnamon Coke ",3,2024-11-07 21:03:15,1,https://reddit.com/r/cocacola/comments/1gm126l/coca_cola_cinnamon_cans/
Anyone have a Mexican phone number to order this Oreo Coke with sugar??,"Goto the Mercado Libre website, choose Mexico. Search for Coca Cola Oreo. Order it shipped to the US? I couldn't do it without a Mexican phone number. Maybe you can get a cheap VOIP phone number to trick the system. Someone try and let us know if successful! 🙏😍",14,2024-11-07 03:15:07,10,https://reddit.com/r/cocacola/comments/1glh0g8/anyone_have_a_mexican_phone_number_to_order_this/
Was cleaning out my kitchen and found this. Anyone got any info on it? ,,49,2024-11-06 15:42:18,32,https://reddit.com/r/cocacola/comments/1gl1eul/was_cleaning_out_my_kitchen_and_found_this_anyone/
Where to find Mexican Coca Cola syrup?,"I want some mexican coca cola syrup so I don't have to spend exorbitant prices buying it in small bottles, does anyone know either 1) a store like sam's or costco that sells it 2) a bay area retailer 3) online retailer?

if not, places that sell by the case would be appreciated",0,2024-11-05 16:18:40,15,https://reddit.com/r/cocacola/comments/1gkags9/where_to_find_mexican_coca_cola_syrup/
Are there any Coca Cola CDL drivers in here? ,"I was offered a CDL Driver Merchandiser position at $23 an hour. It’s my first CDL job so I can’t complain about the pay. 

I was just curious how employees like it there, as far as work culture, benefits etc.

Also I’ve been seeing that there’s a “base” pay and then there’s an additional pay for every time you drive? I was trying to see what that was about or if it applies to certain positions? I wasn’t told anything about that but maybe it wouldn’t hurt to ask the recruiter.

Thanks! ",6,2024-11-05 02:51:36,13,https://reddit.com/r/cocacola/comments/1gjwtm0/are_there_any_coca_cola_cdl_drivers_in_here/
Input on sign value,,8,2024-11-04 00:24:52,14,https://reddit.com/r/cocacola/comments/1gj1n7p/input_on_sign_value/
Anyone know what year this can is from? ,"I was urban exploring in a building that was abandoned in the early 1970s and found the can pictured below.

I did not collect the can and cannot offer other angles, I believe it may be from 1971 but cant find an exact match. 

Thought it'd be a fun goose hunt to see if any of you guys can identify it, i did not alter this image in any way. This can is from the United States for region purposes. The can COULD be older as the area is sparsely populated, but it is not at all popular so i heavily doubt this is MODERN litter.

 ",7,2024-11-03 20:12:01,13,https://reddit.com/r/cocacola/comments/1giw0k9/anyone_know_what_year_this_can_is_from/
Historical Panama Canal Coca Cola ,"My grandma is a Panamanian native. Her sister gave her this special Coke pack in 1999. She said it has something to do with America giving back the Canal to panama. 
Can anyone tell me more about it? What it’s worth? 
Mostly is anyone interested in it? She wants to clear up her old stuff. ",44,2024-11-03 16:49:57,3,https://reddit.com/r/cocacola/comments/1gir9xz/historical_panama_canal_coca_cola/
Coca-Cola Candy Canes: Did they exist?,"I’m wondering if I’m suffering from the Mandela Effect or something, but one of my holiday memories (and one of the greatest gifts I ever gave) was a box of Coca-Cola candy canes when I was 10 or 11. This would’ve been in the late 90s, and I found them at CVS.

But since, I haven’t been able to find any evidence they existed. Was it some kind of pirated product, or did Coca-Cola really make these?",4,2024-11-02 23:43:16,5,https://reddit.com/r/cocacola/comments/1gi9s52/cocacola_candy_canes_did_they_exist/
Vintage Coca Cola Tray,"Trying to identify this old Coca Cola tray for my old mother, but cant seem to find out anything about it. Tried using the google lens thing but came up empty. Any help would highly be appreciated!

https://preview.redd.it/zjox5jobjkyd1.jpg?width=2340&format=pjpg&auto=webp&s=6d31351b67ab485e75c913ad938b2ada0ce50ddf

https://preview.redd.it/t9339l2djkyd1.jpg?width=2340&format=pjpg&auto=webp&s=6ee16e38847cb3067a17c17d146213c957559231

https://preview.redd.it/bimg8j2djkyd1.jpg?width=4160&format=pjpg&auto=webp&s=08eecc3a333cce1597c4e41422318ce43d2f676d

",5,2024-11-02 22:58:14,4,https://reddit.com/r/cocacola/comments/1gi8t9b/vintage_coca_cola_tray/
Could someone help me identify the flavor of this coca cola? ,"The one next to the cherry flavour, and no it's impossible for me to go to the store and see for myself so don't ask",37,2024-11-02 19:00:28,39,https://reddit.com/r/cocacola/comments/1gi3obj/could_someone_help_me_identify_the_flavor_of_this/
Always Coca-Cola bottle cap radio from about 1990s,,11,2024-11-02 03:51:28,2,https://reddit.com/r/cocacola/comments/1gho2ir/always_cocacola_bottle_cap_radio_from_about_1990s/
Cheaper coca cola ,1 can of coke price(hkd 2) is lower than a bottle of water...  ,14,2024-10-31 13:31:05,0,https://reddit.com/r/cocacola/comments/1ggekwl/cheaper_coca_cola/
Old Coca-Cola glasses,,19,2024-10-31 03:09:02,0,https://reddit.com/r/cocacola/comments/1gg51ji/old_cocacola_glasses/
Mexican Coke just tastes better ,,1141,2024-10-30 20:32:34,378,https://reddit.com/r/cocacola/comments/1gfwizy/mexican_coke_just_tastes_better/
Does anyone have any info about this Coca-Cola Hip Hop bottle? ,"For the record, I went to an abandoned building in the countryside, here in Romania, and found this bottle I had never seen before. I tried image searching it, but no results about this bottle. I might take it home and investigate. ",54,2024-10-30 10:38:20,17,https://reddit.com/r/cocacola/comments/1gfjhe9/does_anyone_have_any_info_about_this_cocacola_hip/
Never seen this kinda Coke bottle. Pretty fun IMO.,"Found it at an asian store here in Ontario, Canada.",164,2024-10-30 03:02:34,39,https://reddit.com/r/cocacola/comments/1gfd0zd/never_seen_this_kinda_coke_bottle_pretty_fun_imo/
My late grandfathers Coke room. ,"It’s a little messy right now, used to be in perfect condition. ",2462,2024-10-29 20:27:01,120,https://reddit.com/r/cocacola/comments/1gf4kqp/my_late_grandfathers_coke_room/
Vor lansa și Coca Cola cu Lămâie și Lămâie Verde Zero Zahăr dacă au lansat variantele Original. ,,0,2024-10-28 06:37:05,0,https://reddit.com/r/cocacola/comments/1gdvq0r/vor_lansa_și_coca_cola_cu_lămâie_și_lămâie_verde/
1995 500ml coke bottle,Look I'm an avid Coca-Cola feind and collector just like the rest of you but I can't find any online listing of this English 500ml coke all of the listing I find for 500mls are mexican coke bottles any leads/links to the price would be dope. Thanks,33,2024-10-28 03:32:08,14,https://reddit.com/r/cocacola/comments/1gdsyw1/1995_500ml_coke_bottle/
Fuck people that think they can make a fortune selling “rare (99% off them are not)” Coca Cola items on eBay ,,6,2024-10-27 21:23:28,46,https://reddit.com/r/cocacola/comments/1gdlnqp/fuck_people_that_think_they_can_make_a_fortune/
Quebec Maple Coca-Cola,Picked this up to try. ,194,2024-10-27 19:44:37,41,https://reddit.com/r/cocacola/comments/1gdjg1a/quebec_maple_cocacola/
IMHO Cinnamon Coca-Cola would have been a perfect bottle to feature the Christmas label! Taste test soon…,,9,2024-10-27 18:56:27,11,https://reddit.com/r/cocacola/comments/1gdiby9/imho_cinnamon_cocacola_would_have_been_a_perfect/
For the cherry vanilla lovers ,Get a soda stream then buy this,16,2024-10-27 16:30:46,11,https://reddit.com/r/cocacola/comments/1gdexj0/for_the_cherry_vanilla_lovers/
Coca Cola Lime came in the UK since 2025?,"Coca‑Cola has today announced the refreshing addition of Coca‑Cola Lime to its flavours portfolio.

Combining the great taste of Coca‑Cola with a delicious zesty lime flavour, the delectable new product is described as ‘happiness bottled’, with a zingy lime twist on the sublime original taste.

The flavour is set to delight fans who are after a delicious and refreshing carbonated drink, in both the Zero Sugar & Original Taste variations. The Zero Sugar option is perfect for those wanting to enjoy the stellar thirst-quenching Original Taste flavour, but with zero sugar and zero calories.

The launch of the new flavour follows increasing consumer desire for the addition of fun & fruity twists on the great tasting classic. In addition to expanding its range of flavours, the brand continues to surprise and delight fans with magical and unexpected tastes, moments, and limited-edition collaborations, through its Coca‑Cola Creations platform.

Coca‑Cola Senior Brand Manager, Laura Moon said: “We’re thrilled to be able to meet consumer demand by expanding our flavours portfolio with the inclusion of Coca‑Cola Lime – it’s quite literally happiness in a bottle! We’re consistently considering new variations and would encourage eagle-eyed Coca‑Cola fans to watch this space for more.”

Coca‑Cola Lime Zero Sugar & Original Taste are available now at all major retailers nationwide in the following formats:

·      Zero Sugar – 330ml, 1.75ml, 500ml, 2L, 8x 330ml and 150ml singles

·      Original Taste – 330ml, 500ml, 1.75ml, 150ml singles and 8x 330ml

Retailers are free to set their own prices.

https://preview.redd.it/r13jugqs49xd1.png?width=415&format=png&auto=webp&s=3232907cef72e27ae26d16fe6b3c1cf1d65479a4",1,2024-10-27 07:30:48,3,https://reddit.com/r/cocacola/comments/1gd5msj/coca_cola_lime_came_in_the_uk_since_2025/
Vor face și Coca Cola Lămâie + Lime Zero Zahăr!!! ,,0,2024-10-27 06:50:11,0,https://reddit.com/r/cocacola/comments/1gd532z/vor_face_și_coca_cola_lămâie_lime_zero_zahăr/
What if Coca Cola Peach came back in the UK? ,,0,2024-10-27 06:22:41,3,https://reddit.com/r/cocacola/comments/1gd4q5a/what_if_coca_cola_peach_came_back_in_the_uk/
What if Coca Cola Cinnamon back and in Romania? ,,3,2024-10-27 05:57:37,0,https://reddit.com/r/cocacola/comments/1gd4dh4/what_if_coca_cola_cinnamon_back_and_in_romania/
What if Coca Cola Icon Design System appear in Romania since 2025?,,5,2024-10-27 05:37:39,1,https://reddit.com/r/cocacola/comments/1gd43rc/what_if_coca_cola_icon_design_system_appear_in/
Coca Cola Facebook,"Just a question. I recently saw a link for coca cola Vietnam post on Facebook and whenever I try to click its name ""coca cola"" it redirects me to the my country of where I am. Does anyone seen this before. Like I was trying to see there other post and it wont let me just goes direct to my canada coke facebook. Even when you use vpn it doesnt work for some reason.

I mean its not a big deal for me but just curious to why it does that.",0,2024-10-27 01:59:03,0,https://reddit.com/r/cocacola/comments/1gd0lfs/coca_cola_facebook/
Release new 6 flavors of Coca Cola in Romania ,,6,2024-10-26 20:56:45,5,https://reddit.com/r/cocacola/comments/1gcupz1/release_new_6_flavors_of_coca_cola_in_romania/
Coca Cola Lime with sugar and without sugar in Romania ,,0,2024-10-26 20:45:00,0,https://reddit.com/r/cocacola/comments/1gcuh89/coca_cola_lime_with_sugar_and_without_sugar_in/
My First Time EVER Havin Regular Coke In A Glass Bottle,Is this the Mexican version? ,108,2024-10-26 20:39:03,58,https://reddit.com/r/cocacola/comments/1gcucug/my_first_time_ever_havin_regular_coke_in_a_glass/
When do Coca Cola cherry in 2 variants come out?,,0,2024-10-26 20:11:06,0,https://reddit.com/r/cocacola/comments/1gctrnn/when_do_coca_cola_cherry_in_2_variants_come_out/
Christmas has arrived already in the UK!,Cans are also available but looks like same design as last year which is a bit of a shame!,46,2024-10-26 15:45:34,8,https://reddit.com/r/cocacola/comments/1gcnyxn/christmas_has_arrived_already_in_the_uk/
Coca-cola merchandiser,"So my husband is a coca-cola merchandiser and has been for a year. He honestly hates it because he’s only given one day off and the pay sucks, with no benefits. He’s sore and miserable all the time going from at least 50 different places a week about an hour away. This company is locally owned so it’s not directly from the coca-cola franchise it’s self but I just wanted to know. If you are a coca-cola merchandiser, what benefits do you have, what is your pay, etc. we’re kind of wondering if it’s worth it or not for him to stick with it. Thank youuuuu

Editing to mention he has degenerative disk disease in his lower back and really isn’t even supposed to lift more than 15 lbs but he doesn’t qualify for disability so he’s working about 54 hours a week with one day off (Monday) constantly unloading pallets ",23,2024-10-26 15:42:07,44,https://reddit.com/r/cocacola/comments/1gcnw6c/cocacola_merchandiser/
I Remade Ad Commercial of Coca Cola,"If you Like my Creation please refer me guys , I am a Music Producer from India and willing to work with any type of Brands , I hope people of Internet Helps me

Contact Me - https://www.instagram.com/aashishjha__/
Email - aashish.jha490@gmail.com",1,2024-10-26 13:51:51,0,https://reddit.com/r/cocacola/comments/1gcljv8/i_remade_ad_commercial_of_coca_cola/
Is this like rare lol?,I just found this cocacola shirt (from a while ago ) that reads “sugar free tab” and i cant find it anywhere and it has the coca cola tag.,12,2024-10-25 19:33:47,16,https://reddit.com/r/cocacola/comments/1gc2noq/is_this_like_rare_lol/
Someone needs to try and make this,,106,2024-10-24 18:30:51,71,https://reddit.com/r/cocacola/comments/1gb9q8e/someone_needs_to_try_and_make_this/
Limited edition filled to the brim coke,"Bidding starts at £10,000",9,2024-10-24 05:50:25,0,https://reddit.com/r/cocacola/comments/1gavoee/limited_edition_filled_to_the_brim_coke/
What if they actually made Bacon Coca-Cola,,5,2024-10-23 22:22:33,3,https://reddit.com/r/cocacola/comments/1gan5kh/what_if_they_actually_made_bacon_cocacola/
For Reyes Coca Cola Bottling can you go from merchandiser to warehouse?,Is it possible to change positions there? Would I have to ask HR?,1,2024-10-21 01:18:33,6,https://reddit.com/r/cocacola/comments/1g8e898/for_reyes_coca_cola_bottling_can_you_go_from/
Coca Cola's iconic logo holds a hidden message that stirs subconscious feelings,,0,2024-10-20 13:02:26,2,https://reddit.com/r/cocacola/comments/1g7y6yn/coca_colas_iconic_logo_holds_a_hidden_message/
Sucked in cans flat sodas,"With the first pack of minis, they all came like this, I contacted coke and they sent me a coupon in the mail. I then got a pack of sprite minis, same problem. Now I have another full pack of minis a month later and they are like this. All coca cola products. Anyone else having these issues? Located in Oklahoma City and I buy these from Walmart if that makes a difference in why this keeps happening.",6,2024-10-19 23:44:54,5,https://reddit.com/r/cocacola/comments/1g7lxb5/sucked_in_cans_flat_sodas/
Burger King Coca Cola selection ,My local Burger King has cherry vanilla and peach Coca Cola,141,2024-10-19 22:49:00,64,https://reddit.com/r/cocacola/comments/1g7ksda/burger_king_coca_cola_selection/
The collection is growing ,,22,2024-10-18 20:00:30,2,https://reddit.com/r/cocacola/comments/1g6r9f3/the_collection_is_growing/
Have a factory error coca cola misprint ,,0,2024-10-18 19:06:41,9,https://reddit.com/r/cocacola/comments/1g6q0us/have_a_factory_error_coca_cola_misprint/
I was given this jacket. Anyone know what it is or if it’s worth anything? Tried using google but :/ ,,3,2024-10-18 16:09:53,8,https://reddit.com/r/cocacola/comments/1g6lvn1/i_was_given_this_jacket_anyone_know_what_it_is_or/
Referral Request for Tax Technology Role at Coca-Cola,"I hope this message finds you well. I have a solid background in tax technology, including extensive experience in tax automation and data analytics. I believe my skills and experience make me a strong candidate for a tax technology role at The Coca-Cola Company.

is there anyone here being able to provide a referral for this opportunity? I can send my CV for your review.

I truly appreciate your consideration and any assistance you can provide.

Thank you for your time.",0,2024-10-18 14:57:12,0,https://reddit.com/r/cocacola/comments/1g6k1fh/referral_request_for_tax_technology_role_at/
Got myself a very delicious maritime and airline Coca Cola. Much better tasting than the American version! Cane Sugar should be used again,,39,2024-10-18 13:41:02,14,https://reddit.com/r/cocacola/comments/1g6ibu1/got_myself_a_very_delicious_maritime_and_airline/
Coca cola prize reward issue,"Help i cant claim my movie tickets i won? The app is dead i cant see my profile or the reward tab, everything else works fine. I have to claim the tickets today but as i said i CANNOT get in! Ive tried on diff devices and on diff internets, nothing works. Ive contacted customer support but they said i will get a reply in 5-10 days. Help!",2,2024-10-18 09:01:29,2,https://reddit.com/r/cocacola/comments/1g6do56/coca_cola_prize_reward_issue/
Coca-Cola Guilt by Trade Association: Climate Policy Obstruction Scorecard,"The Coca-Cola Company exerts significant influence on climate policy through their trade association memberships in the Business Roundtable (BRT) and the U.S. Chamber of Commerce, direct lobbying, and public statements. The BRT and the U.S. Chamber have consistently opposed clean energy investments, climate disclosure laws and strong pollution standards. It’s time to hold Coca-Cola accountable for the company they keep by remaining members of these trade associations.

Please urge Coca-Cola to be a strategic leader by using their influence to counter these positions and the fossil fuel interests setting the agenda for these trade groups. Leave obstructing trade associations, stop hiring compromised lobbyists, and lead on climate policy advocacy.

[Overall Rank: Obstructor](https://preview.redd.it/qvc3xn5esevd1.png?width=1000&format=png&auto=webp&s=a2140982e4c70e788eef9433c3d014ac736ce2b5)

👉 [https://guiltbytradeassociation.com/company/coca-cola/](https://guiltbytradeassociation.com/company/coca-cola/)",0,2024-10-18 00:21:45,6,https://reddit.com/r/cocacola/comments/1g65jhi/cocacola_guilt_by_trade_association_climate/
"What is ""it!""? Identification requested, found near a sidewalk.",,9,2024-10-16 21:23:20,3,https://reddit.com/r/cocacola/comments/1g5aigf/what_is_it_identification_requested_found_near_a/
Do they drug test for thc for merchandising positions? Will I be disqualified if I do test positive for thc? ,"Hey guys, so I was thinking about applying to Coca Cola in Los Angeles for a merchandising position. I’m a bit skeptical about it, since I smoke occasionally. Any feedback is much appreciated! ",4,2024-10-16 19:43:51,18,https://reddit.com/r/cocacola/comments/1g5864t/do_they_drug_test_for_thc_for_merchandising/
I wish they’d bring back the Coca Cola Cinnamon ,Re,115,2024-10-16 18:33:55,48,https://reddit.com/r/cocacola/comments/1g56jlk/i_wish_theyd_bring_back_the_coca_cola_cinnamon/
This taste *chef's kiss* no competition ,,40,2024-10-16 16:30:40,20,https://reddit.com/r/cocacola/comments/1g53lek/this_taste_chefs_kiss_no_competition/
"Welcome back Orange Vanilla Coca-Cola, we all missed you",,540,2024-10-16 04:43:58,102,https://reddit.com/r/cocacola/comments/1g4rfuh/welcome_back_orange_vanilla_cocacola_we_all/
Minute Maid Recall,"Minute maid zero sugar, owned by coca cola recalled for mislabeling.

https://www.womansworld.com/food-recipes/food-safety/minute-maid-zero-lemonade-recall",5,2024-10-15 13:29:27,0,https://reddit.com/r/cocacola/comments/1g47ql1/minute_maid_recall/
"This tastes like ass, do you agree?","Idk what psychopath thought this would be a good idea, legit the worst soda I’ve ever tasted in my life
",899,2024-10-15 08:13:16,1002,https://reddit.com/r/cocacola/comments/1g42re4/this_tastes_like_ass_do_you_agree/
Coca Cola Zero sucks. What do you think.,Has no taste.,0,2024-10-14 20:05:33,34,https://reddit.com/r/cocacola/comments/1g3pbsy/coca_cola_zero_sucks_what_do_you_think/
Cherry Coca-Cola,My buddy just got back from the UK and brought these back for me. You can get cherry Coke in Canada but the UK stuff just tastes better ,68,2024-10-14 20:02:42,10,https://reddit.com/r/cocacola/comments/1g3p9an/cherry_cocacola/
Why does coca cola help suppress my allergies?,Someone pls explain ,6,2024-10-14 18:40:54,8,https://reddit.com/r/cocacola/comments/1g3n98o/why_does_coca_cola_help_suppress_my_allergies/
Is coca-colastore.com legit?,"Hi, just tried searching but got a lot of errors so I created this post.

Is [coca-colastore.com](http://coca-colastore.com) legit? The domain whois seems to be legit as it is registered to The Coca-Cola Company. But I'm unable to create an account and unable to make an order as a guest. Many errors out of nowhere. Is anyone having success using this website?",3,2024-10-14 17:38:36,6,https://reddit.com/r/cocacola/comments/1g3lpvt/is_cocacolastorecom_legit/
Coca-Cola raspberry is quickly becoming one of my favourites ,,146,2024-10-13 22:39:41,29,https://reddit.com/r/cocacola/comments/1g31sdd/cocacola_raspberry_is_quickly_becoming_one_of_my/
How Coca Cola is Made in Factory,Found this interesting! Figured I would share ,5,2024-10-13 00:56:13,2,https://reddit.com/r/cocacola/comments/1g2e9ha/how_coca_cola_is_made_in_factory/
Hecho en Mexico,,8,2024-10-12 23:30:09,5,https://reddit.com/r/cocacola/comments/1g2cp31/hecho_en_mexico/
Pick up these at a yard sale,"95 playing cards
",10,2024-10-12 22:33:47,4,https://reddit.com/r/cocacola/comments/1g2bmev/pick_up_these_at_a_yard_sale/
What are these signatures?,Bought this hat from an estate sale today and I haven't been able to figure out if any of the signatures are notable or just other Coca-Cola workers.,1,2024-10-12 21:33:46,1,https://reddit.com/r/cocacola/comments/1g2afn6/what_are_these_signatures/
More and more restaurants in my area are starting to use Pepsi products. Why??,"My wife and daughter friggin LOVE Diet Coke but more and more when we go out for dinner the restaurant is a Pepsi product only establishment. 
Has anyone else noticed this? I live in Maryland. Is Coke that much more expensive for restaurants? Coca-Cola needs to step up their game. ",4,2024-10-12 15:37:09,32,https://reddit.com/r/cocacola/comments/1g22sb7/more_and_more_restaurants_in_my_area_are_starting/
My Coca Cola smells awful,Yesterday I went to the store to grab me a Coca-Cola bottle 20 oz bottle. I use it to keep me up during my night shifts as a security guard. I started noticing a very rancid smell. Like bad beans. I just recently changed my deodorant to a deodorant that usually helps my smell on my armpit so I thought it was my armpit still smelling. I would take drinks and put my arms up to take a swig and would smell it. So of course my brain is thinking that it's my armpits because I've been having problems with it. But then I put my jacket on to go through out trash and I took one last swig and notice the smell still. My armpit smell bad but not that bad that it goes right through the jacket. So I'm like what the f is this. So I start smelling my hands and I thought it was maybe my hands because maybe I've just been touching my armpit and not noticing. Well it definitely wasn't my hands so I started smelling the Coca-Cola bottle and I found the problem. The tip of the Coca-Cola bottle on the inside smells like bad BO. So I dumped it out and had already drank half of it. I started feeling a little nauseous maybe because of my own brain. But I puked because of the thought of the BO. Has anybody experienced anything like this??,0,2024-10-12 12:38:15,22,https://reddit.com/r/cocacola/comments/1g1z7db/my_coca_cola_smells_awful/
Finally got a can of Oreo Coca Cola..,Is there any store from which I can import other limited editions colas and soft drinks to India?,357,2024-10-12 07:59:52,174,https://reddit.com/r/cocacola/comments/1g1vaua/finally_got_a_can_of_oreo_coca_cola/
"Empty unopened cocacola bottle, worth","Hello, some years ago i found an empty unopened cocacola bottle, can anyone tell me what is it worth, any interested buyers? ",0,2024-10-10 11:03:47,11,https://reddit.com/r/cocacola/comments/1g0g7hp/empty_unopened_cocacola_bottle_worth/
Coca Cola Job drug test?,So I have an interview tomorrow at Coca Cola and I want know if they drug test (I didn’t get a driving position).,1,2024-10-10 05:52:54,3,https://reddit.com/r/cocacola/comments/1g0c3fq/coca_cola_job_drug_test/
Post 2 of New Additions to my Glass Bottle Collection.,,18,2024-10-09 23:12:45,3,https://reddit.com/r/cocacola/comments/1g04z0o/post_2_of_new_additions_to_my_glass_bottle/
"I see your maple, peach, and apple Coca colas and raise you strawberry Coca cola from Japan  ",,17,2024-10-09 04:32:07,5,https://reddit.com/r/cocacola/comments/1fzjf8r/i_see_your_maple_peach_and_apple_coca_colas_and/
"I see your Maple Syrup & Peach Coca-Colas, and raise you Apple Coca-Cola from Taiwan ",,154,2024-10-08 17:24:47,24,https://reddit.com/r/cocacola/comments/1fz5ctb/i_see_your_maple_syrup_peach_cocacolas_and_raise/
Thoughts on the new Coca Cola Oreo?,What are your thoughts? Delicious or disgusting? ,26,2024-10-08 15:41:48,60,https://reddit.com/r/cocacola/comments/1fz2vgt/thoughts_on_the_new_coca_cola_oreo/
I see you Quebec maple syrup Coca Cola and I raise you a can of peach Coca Cola from Japan.,https://www.reddit.com/r/cocacola/s/AKSMTvkl2m,61,2024-10-08 00:56:34,19,https://reddit.com/r/cocacola/comments/1fynolj/i_see_you_quebec_maple_syrup_coca_cola_and_i/
Checkout what I copped at the antique store!!!,(I LOVE the Christmas cups),11,2024-10-07 17:44:04,0,https://reddit.com/r/cocacola/comments/1fydq91/checkout_what_i_copped_at_the_antique_store/
I’ll see your zero sugar Oreo and raise you a Quebec Maple in the glass bottle with real sugar. ,"It’s easily as good as Hecho En Mexico Coca-Cola, maybe better. It’s SO good! ",256,2024-10-07 03:55:20,60,https://reddit.com/r/cocacola/comments/1fxyy8c/ill_see_your_zero_sugar_oreo_and_raise_you_a/
