edit_history_tweet_ids,created_at,text,id,author_id
['1878645646623932824'],2025-01-13T03:30:00.000Z,"2004 Coca Cola Cafe Serving Bowl https://t.co/2wE2qDKIYm via @Etsy

Get 25% Off Orders of 2 or More Items

#cocacola #coke #cocacolacafe #kitchenware #dinnerware #servingbowl #saladbowl #bowl #cocacolacollector #cokecollectibles #vintagestyle #tableware #cokecollector",1878645646623932824,860601814659592192
['1878627643199033615'],2025-01-13T02:18:28.000Z,"Here is an Alternative #Cola brand to #CocaCola and #PepsiCo.

Don’t fund #Genocide. 

#BDS 🇵🇸🍉 https://t.co/pDhU1PMAN7",1878627643199033615,68599588
['1878612083840844199'],2025-01-13T01:16:38.000Z,"Elon Musk, in a playful twist, once tweeted about buying Coca-Cola to bring back its original recipe. Classic Elon humor! 😅

I think he should do it tbh.

#CocaCola #ElonMusk #ElClasico https://t.co/O28kVwvZ7B https://t.co/4tSdhYWhB2",1878612083840844199,1528443082986905600
['1878595315068243975'],2025-01-13T00:10:00.000Z,"1996 Coca Cola Soda Fountain Sweetheart Barbie Doll  https://t.co/GS2k2TE79B via @Etsy

Get 25% Off Orders of 2 or More Items

#cocacola #barbie #coke #barbiecollector #cocacolacollector #dollcollector #vintagedoll #barbiedoll #cokecollectibles #vintagefinds #cokecollector",1878595315068243975,860601814659592192
['1878580152021717481'],2025-01-12T23:09:45.000Z,Achat d'actions #Cocacola https://t.co/HkngZBuvac,1878580152021717481,798995977004847104
['1878524818443702651'],2025-01-12T19:29:52.000Z,"Defund Israeli #UK #EU AND #US child killers, boycott #oreoservicesreview #oreoticketreview #Orangina #mirinda #CocaCola #SpriteStudio #Sprite #7up #Fanta #pepison #Pepsiมิตรชวนกรี๊ดxGeminiFourth #Pepsi #Oasis drinks #Oracle #Cisco #Salesforce #salesforceblog #salesforcecloud #BP https://t.co/lwh5Rb56ZG",1878524818443702651,3384927484
['1878506545748566322'],2025-01-12T18:17:16.000Z,Got to love Joseph #JoJosBizarreAdventure #CocaCola https://t.co/vZ8Lj7MbCC,1878506545748566322,1785681985068740608
['1878503427182846185'],2025-01-12T18:04:52.000Z,"🔻🔴🟥
Choose Real Beatboxer

#subscribe #youtube
#tiktok #ytshorts #CocaCola
#beatbox #sound #challenge
https://t.co/QFhVYyhEJx",1878503427182846185,1685653084519677955
['1878502673864900931'],2025-01-12T18:01:52.000Z,"🥤🥤🥤
Coca cola Sound Beatbox

#subscribe #youtube
#tiktok #ytshorts #CocaCola
#beatbox #sound #challenge

https://t.co/VQIHkLTwDZ",1878502673864900931,1685653084519677955
['1878477035674165695'],2025-01-12T16:20:00.000Z,"1997 Brunette Barbie with Coca-Cola Fan and Parasol https://t.co/4mu3bn9Zg1 via @Etsy

Get 25% Off Orders of 2 or More Items

#barbie #cocacola #coke #vintagedoll #barbiedoll #barbiecollector #cocacolacollector #cokecollectibles #etsyvintage #cokecollector #cocacolacollectibles",1878477035674165695,860601814659592192
['1878463374826029563'],2025-01-12T15:25:43.000Z,"https://t.co/K9NtRpLE0N 

You're in there @pepsi @CocaCola selling even more stuff to murderous Russia while others left? Profits are that good? 

Let's spread the news!

#Pepsi #CocaCola #drinking #alcohol @ABC @nbcsnl @amanpour @60Minutes @ABC2020 @Forbes @FortuneMagazine @FT",1878463374826029563,936081583257341952
['1878461977938296837'],2025-01-12T15:20:10.000Z,"Sprite goes naked for now, as Coca-Cola decides to strip the labels from their Sprite rPET bottles in the company’s first pilot test of label-less packaging. Learn more https://t.co/X9q3pTZyt2 #packaging #cocacola #sustainablepackaging #sprite https://t.co/QqbcWLwij2",1878461977938296837,1497231593668108290
['1878449353561723354'],2025-01-12T14:30:00.000Z,"♥️ Coca-Cola Shampoo Packaging ♥️

Check out this fresh Coca-Cola Shampoo Packaging design! Featuring a stunning girl illustration with silky hair, all wrapped up in the iconic Coca-Cola brand colors. 

#cocacola #shampoo #productpackaging #packagingdesign #LabelDesign https://t.co/AY9K7avjCL",1878449353561723354,2836141710
['1878439355137614333'],2025-01-12T13:50:16.000Z,"Curious where cola is coming to Russia from 🤔 Turns out, I didn’t expect this: Afghanistan! I thought they were less friendly with the US than we are, but no—they even have a factory. Interesting.

#bexxvlog #Russia #Afghanistan #CocaCola https://t.co/JByGwnFF7R",1878439355137614333,1743011461616762880
['1878421647310409926'],2025-01-12T12:39:54.000Z,@nmartine3 @saras76 Go #CocaCola - they my #peeps #y’all,1878421647310409926,1859641124475826176
['1878401025557541175'],2025-01-12T11:17:58.000Z,"""WAKE-UP CALL! Coca-Cola funded a 2012 sleep deprivation experiment, keeping 28 participants awake for 24hrs! They were given Coke with caffeine without consent! Should companies conduct experiments that manipulate physical/mental states? #SleepDeprivation #CocaCola"" https://t.co/DvG1bxiSqe",1878401025557541175,1436927599863898115
['1878390326479499478'],2025-01-12T10:35:27.000Z,"Coca-Cola Final Fantasy IX Volume 2: Freya Crescent Mini Figure *Open/Complete* brought to you by the #PlastiqueBoutique

#FinalFantasy #FinalFantasyFigures #Collectables #CollectablesForSale #Toys #ToysForSale #CocaCola https://t.co/bNeHV2GABI",1878390326479499478,120991858
['1878363789252304933'],2025-01-12T08:50:00.000Z,"1997 Coca Cola Checkerboard Serving Bowl https://t.co/vxMjf5vY3N via @Etsy

Get 25% Off Orders of 2 or More Items

#CocaCola #coke #servingbowl #bowl #dinnerware #kitchenware #cocacolacollector #cokecollectibles #etsyvintage #discontinued #tableware #cokecollector",1878363789252304933,860601814659592192
['1878324386610257971'],2025-01-12T06:13:26.000Z,"Statue of too much liberty 🗽🍕🥤 

#StatueOfLiberty #Satire #Humor #Viral #Funny #America #NewYork #Pizza #CocaCola #Meme #Trending #zelena #shailenzo #tommavi #helevier  #sstvi #ファミマで苺一会 #御堂筋線 #仰天ニュース #刀剣男士100振りプレゼント  #カンバリ #GeForceRTX50… https://t.co/sxo6OZE5mJ https://t.co/mKCxZjF7aH",1878324386610257971,1587972040497463296
['1878240476765249718'],2025-01-12T00:40:00.000Z,"Vintage-Style Coca Cola Soda Fountain Glass https://t.co/Ao6ceZI8YW via @Etsy

Get 25% Off Orders of 2 or More Items

#cocacola #coke #cocacolacollector #cokecollectibles #sodafountain #libbeyglass #sodaglass #drinkware #cokecollector #etsyvintage #kitchenware #glassware",1878240476765249718,860601814659592192
['1878217827737543148'],2025-01-11T23:10:00.000Z,"2004 Coca Cola Cafe Serving Bowl https://t.co/2wE2qDKIYm via @Etsy

Get 25% Off Orders of 2 or More Items

#cocacola #coke #cocacolacafe #kitchenware #dinnerware #servingbowl #saladbowl #bowl #cocacolacollector #cokecollectibles #vintagestyle #tableware #cokecollector",1878217827737543148,860601814659592192
['1878210346835677354'],2025-01-11T22:40:16.000Z,"Hey @WorldofCocaCola @CocaCola 
I was Sexually Harassed by your Director of Human Resources in Canada 🇨🇦 👇
#CocaCola #Sexual #Harassment 
Report them to the Police,  I did, Speak up. https://t.co/7jw0bjFmZj",1878210346835677354,2707012718
['1878205244703932490'],2025-01-11T22:20:00.000Z,"2002 Coca Cola Checkered Mixing Bowl https://t.co/NVzuHOQ6tS via @Etsy

#OnSale - 15% Off and #FreeShipping thru 1/13/25

#cocacola #coke #mixingbowl #bowl #servingbowl #cocacolacollector #cokecollectibles #kitchenware #bakeware #dinnerware #VintageEtsy #etsysale #cookware",1878205244703932490,860601814659592192
['1878204499749216462'],2025-01-11T22:17:02.000Z,"@CollinRugg I could see 2 12 packs but not 30, good grief #CocaCola",1878204499749216462,824287422624235520
['1878133619543203840'],2025-01-11T17:35:23.000Z,"Brand New and Sealed Japan Special Corinthian / Coca Cola Corinthian Microstars Figures 1 Pack

Available to order here: ➡️ https://t.co/TTVaA6FaFl

#Corinthians #Corinthian #figure #figures #cocacola #japan",1878133619543203840,1538040307480244224
['1878131856710766719'],2025-01-11T17:28:23.000Z,Yesterday is today and tomorrow never comes. BACK!!! So grab a bottle of Cocacola #CocaCola,1878131856710766719,1754106690520096769
['1878123225114087741'],2025-01-11T16:54:05.000Z,Coca-Cola family-pack money-back bottle 4.5L carrier. Holds six cans | bottles. English French wording. Great for home bar area. https://t.co/mI6GO56M45 via @Etsy #BuyfromGroovy #antiques #homebar #CocaCola #Cokefamilypack #Cokecarrier #vintageadvertising #etsysellers https://t.co/7w7sIsiLXg,1878123225114087741,1457838332495466499
['1878122956045386162'],2025-01-11T16:53:01.000Z,Coke | Coca Cola 20th Anniversary plaqued poster. Drink Coca-Cola Take Some Home Today. https://t.co/TZSEcl9psg via @Etsy #BuyfromGroovy #antiques #homedecor #walldecor #homebar #bardecor #Cokeposter #CocaCola #vintageadvertising #etsysellers https://t.co/Lm4qiZv8Hr,1878122956045386162,1457838332495466499
['1878120578910949611'],2025-01-11T16:43:34.000Z,Is it me or are #cocacola drinks tasting flat nowadays??,1878120578910949611,25249886
['1878099857648287820'],2025-01-11T15:21:14.000Z,Five Spice Cola Chicken #recipe on https://t.co/4jNR6yoC5z #food #foodporn #foodpics #foodie #yum #cook #cooking #homecook #homemade #homecooking #comfortfood #healthy #healthyfood #kokkiescooking #chinesefood #fivespice #colachicken #fivespicepowder #fivespicechicken #cocacola https://t.co/mcVBMFomcg,1878099857648287820,748563646175916033
['1878073865626157180'],2025-01-11T13:37:57.000Z,"A leaflet with prices from a #Russian supermarket in 2014 &amp; current prices in 2025.

- #CocaCola - 40 ₽ (now ~130)
- #Butter - 63 ₽ (now ~250)
- #Eggs - 65 ₽ (now ~150)
- #Beef - 330 ₽ (now ~800).

That said, #Putin &amp; his bandit buddies have only made #Russia so much better. https://t.co/5uFeFhcoZc",1878073865626157180,1502040713311232010
['1878067187052581228'],2025-01-11T13:11:24.000Z,[ARCHIVE]  Club Coke 2012 par David Guetta https://t.co/pFv0datlDz #cocacola,1878067187052581228,30660836
['1878053348613509425'],2025-01-11T12:16:25.000Z,"My go to ""energy drink"" 😭...whats yours?! #CocaCola #JD #Gurugram #Haryana https://t.co/KZUZIhAEOc",1878053348613509425,1692224180320915456
['1878044183463641508'],2025-01-11T11:40:00.000Z,"1996 Coca Cola Soda Fountain Sweetheart Barbie Doll  https://t.co/GS2k2TDzk3 via @Etsy

Get 25% Off Orders of 2 or More Items

#cocacola #barbie #coke #barbiecollector #cocacolacollector #dollcollector #vintagedoll #barbiedoll #cokecollectibles #vintagefinds #cokecollector",1878044183463641508,860601814659592192
['1878022707830235231'],2025-01-11T10:14:40.000Z,"🎥 Watch our video to uncover the genius behind their success: https://t.co/sDRIx7EID1

#CocaCola #GreatDepression #MarketingStrategies #PauseThatRefreshes #BrandBuilding https://t.co/tRipIXiEbX",1878022707830235231,1825484354799206400
['1877986767367741657'],2025-01-11T07:51:51.000Z,Foodkida on LinkedIn: #cocacola #petbottle #foodtechnology #foodindustry https://t.co/9jc1GEOhcN,1877986767367741657,1724473320823767040
['1877981640858755212'],2025-01-11T07:31:29.000Z,USA #1 Champions of the World!!!!! 🇺🇸🇺🇸🇺🇸🇺🇸🇺🇸 #Soda #Pop #CocaCola #DrPepper https://t.co/CZJbSp7L4X,1877981640858755212,1823199416129622016
['1877953537847767200'],2025-01-11T05:39:48.000Z,"Increased Tax Demand against Coca Cola without Intimating Enhancement: Orissa HC quashes Order 
#orisahighcourt #CocaCola #increasedtaxdemand #taxscan #taxnews
Read More: https://t.co/0cDKkCKrCR",1877953537847767200,702872335326445568
['1877899123455590518'],2025-01-11T02:03:35.000Z,"What's your favorite soft drink flavour?

Discontinued Raspberry Spiced Zero!!

#cocacola https://t.co/MwBZGCtcBI",1877899123455590518,1557169035644657665
['1877887823673442606'],2025-01-11T01:18:41.000Z,Movie Night... 🍿🥤🍿🥤🍿🥤🍿 #MovieTime #PopCorn #CocaCola #CinemarkTinseltown #TheLastShowgirl https://t.co/vBcvYib2hy,1877887823673442606,2994798069
['1877883207648936352'],2025-01-11T01:00:20.000Z,"Coca-Cola reported higher-than-expected revenue growth, driving its stock price up. #CocaCola #ConsumerGoods",1877883207648936352,1369702137287090180
['1877883122634944919'],2025-01-11T01:00:00.000Z,"1997 Brunette Barbie with Coca-Cola Fan and Parasol https://t.co/4mu3bnax5z via @Etsy

Get 25% Off Orders of 2 or More Items

#barbie #cocacola #coke #vintagedoll #barbiedoll #barbiecollector #cocacolacollector #cokecollectibles #etsyvintage #cokecollector #cocacolacollectibles",1877883122634944919,860601814659592192
['1877881668335272243'],2025-01-11T00:54:13.000Z,Coca-Cola Collector Cards Series 2 - 1994 - Bundle of 6 - (8 Cards Per Pack) - https://t.co/vCREMG2ApO via @Etsy #cocacola #cocacolamemorabilia #cocacolacards #etsy #etsystore #etsyshop #etsyseller #cocacolaonetsy #cocacolacollectibles,1877881668335272243,1109862014
['1877873303261458626'],2025-01-11T00:20:59.000Z,"Not too early for ChiTime 🛒🥥 🍎🍎 #chivitaontheshelf
#COCACOLA #underthecanopy
#unilag #Lasu #ibadan #bbnaija #cartonrefreshment https://t.co/KF7nzSdDgZ",1877873303261458626,1628442000268697603
['1877868484295532823'],2025-01-11T00:01:50.000Z,Foodkida on LinkedIn: #cocacola #petbottle #foodtechnology #foodindustry https://t.co/W4U5mjqszT,1877868484295532823,1873827097057107968
['1877842089439834335'],2025-01-10T22:16:57.000Z,"This weekend, take off like David: enjoy Coca-Cola, pizza and Napoli

#CocaCola #RealMagic #FridayFeeling @CocaColaIT
https://t.co/oOCYX29DZv",1877842089439834335,824664653447962625
['1877829100070395954'],2025-01-10T21:25:20.000Z,"This weekend, take off like David: enjoy Coca-Cola, Pizza, and Naples

#CocaCola #RealMagic #FridayFeeling @CocaColaIT https://t.co/JRXkUEsWVo",1877829100070395954,454873450
['1877808116898869560'],2025-01-10T20:01:57.000Z,@elonmusk I love #CocaCola https://t.co/ZhFE2UUB8U,1877808116898869560,1872320833257148419
['1877806863904866768'],2025-01-10T19:56:58.000Z,@Naila_Ayad #Cocacola tastes of donkey shit 🤨🇵🇸,1877806863904866768,1609935077097574400
['1877782199409205382'],2025-01-10T18:18:58.000Z,"Am I crazy or does #CocaCola taste different all of a sudden?! 🤷‍♂️ It doesn't matter if it's from a can, bottle, etc?  I swear the formula has changed. 🥤 https://t.co/CjzVxIzRf9",1877782199409205382,42064368
['1877779561049477255'],2025-01-10T18:08:29.000Z,"""Dry ice, only to cool our engine. ⚠️❄️ (And our cans of Coca-Cola!) 🤫🥤 #mclaren #f1 #dryice #cocacola #icetrick #secret"" https://t.co/7R7RUEa2ra",1877779561049477255,1534474250517610498
['1877777550635589857'],2025-01-10T18:00:30.000Z,"Fridays done right with Foundry Distilling Company! 🥃 Welcome back to Foundry Friday—today we’re mixing up a timeless classic with a twist: the Rum &amp; Coke.

#FoundyDistillingCo #RealStuff #CocaCola #Cocktail https://t.co/TZ7vlIiK0T",1877777550635589857,2467830295
['1877773594681331910'],2025-01-10T17:44:46.000Z,"Bought 4 shares of $PEP today at an average price of €139.32 per share. A total of 11 shares now owned, hopefully more will follow This produces a dividend income of $59,62 per year! $PEP $KO #Pepsico #CocaCola #dividend #investing #stockmarket https://t.co/lwQUhCdAg3",1877773594681331910,754030836002029568
['1877773215332016365'],2025-01-10T17:43:16.000Z,“ My Jo #Monalisa with the #diet #cocacola shape #hourglass bottle body” #Nigeriamusic 🇳🇬👸 They say the best part of waking up is a #cupofjo in your cup ☕️ it’s like a hard pill 💊 to swallow but I prefer a white sprite… M on my next book 📖 is for #Musk my vitamin forever! https://t.co/Km8gA7wUhK,1877773215332016365,3741256517
['1877769878079439196'],2025-01-10T17:30:00.000Z,"1997 Coca Cola Checkerboard Serving Bowl https://t.co/vxMjf5wvTl via @Etsy

Get 25% Off Orders of 2 or More Items

#CocaCola #coke #servingbowl #bowl #dinnerware #kitchenware #cocacolacollector #cokecollectibles #etsyvintage #discontinued #tableware #cokecollector",1877769878079439196,860601814659592192
['1877769877689167915'],2025-01-10T17:30:00.000Z,"The Coca-Cola Rooftop Beverage Bar at Disney Springs offers stunning views, unique drinks, and a vibrant atmosphere, making it a top Orlando rooftop spot for cocktails and nightlife. #orlando #florida #cocacola 

Full Video on YouTube: https://t.co/Nh1SjcOVEb https://t.co/Glvp5q9PE0",1877769877689167915,1604398622187159552
['1877757546263462278'],2025-01-10T16:41:00.000Z,@CocaColaCo @CocaCola @CocaColaPRD we want this guy on a Poster this Year. @flowkeythegr8 #cocacola #CocaColaCo @xavierselga https://t.co/0kROXbZZ72,1877757546263462278,1497150252087980039
['1877747207408853100'],2025-01-10T15:59:55.000Z,Shoutout to @CocaCola for brewing the perfect remedy for exhaustion! Coke's refreshin fizz never fails to revitalize me! Thanks for creating a drink thats not just a thirst quencher but a mood booster! #cocacola @cocacola_ca @CocaCola_TR @CocaCola_Br @WorldofCocaCola @CocaColaCo https://t.co/n2LT9bIvKx,1877747207408853100,1630558756273569792
['1877739044118905257'],2025-01-10T15:27:29.000Z,@elonmusk The only thing I do with #Coke #cocacola is cleaning,1877739044118905257,36464041
['1877735322127081933'],2025-01-10T15:12:42.000Z,"@elonmusk Diet Coke got bad #juju and stop it!  I drink the old #CocaCola 2 cans limit.
Hot dark tea is my primary for 1 pot of 50 ounces every day.",1877735322127081933,2648605575
['1877709479711535322'],2025-01-10T13:30:00.000Z,"#CocaCola ( $KO): Reversal Signals
RSI Divergence: Bearish momentum weakens.
Bullish Close: Above lower Bollinger Band.
Key Level: $62.50 resistance; breakout confirms uptrend.
Risk: Drop below swing low resumes downtrend.

#NYSE #CocaColaStock https://t.co/bZofro0wYj",1877709479711535322,1437288037709344768
['1877707653582848382'],2025-01-10T13:22:45.000Z,"@elonmusk @DietCoke contains #Aspartame, it's #Carcinogenic ie causes #Cancer!! Even #DietCoke is seriously bad for tooth enamel, causing decay. #CocaCola also contains #PhosphoricAcid, which is CORROSIVE! It's added for sharp, tangy taste and shelf life. Respect your body, it's the only… https://t.co/FpmWegs017",1877707653582848382,1871791906818080768
['1877700694850871646'],2025-01-10T12:55:06.000Z,"#COCACOLA (KO):

- Potential reversal signaled by #RSI divergence and bullish candle
- Close above lower Bollinger Band adds to bullish outlook
- Key resistance: $62.50
- Downside risk: Break below recent swing low

#NFP #STOCKS https://t.co/tqivmsynyW",1877700694850871646,1451592000868950055
['1877697280658006448'],2025-01-10T12:41:32.000Z,"@elonmusk favorite Coca cola's first bottle in 1890

#cocacola #wildfires #CaliforniaWildfires https://t.co/U1VNXxSjCm",1877697280658006448,1820306313458728960
['1877696548877807687'],2025-01-10T12:38:37.000Z,"#CocaCola (KO) Outlook:

#RSI #Divergence hints at reversal.
#Bullish Close above lower #Bollinger #Band.
$62.50 resistance key; breakout bullish.
Watch for downside risk below recent low.

For more news join us link in bio.... https://t.co/ICuDC42L9Q",1877696548877807687,1843554955132604416
['1877692399339597947'],2025-01-10T12:22:08.000Z,"Coca-Cola (KO):

RSI divergence signals reversal.

Bullish above lower BB.

Resistance: $62.50.

Risk: Below swing low = bearish.

#CocaCola #StockAnalysis #TechnicalAnalysis #RSI #BullishReversal #BollingerBands 

Join now for more -

https://t.co/1xwajVTQ3r https://t.co/Qzf7IpD9KM",1877692399339597947,1643922916118069252
['1877692018186453027'],2025-01-10T12:20:37.000Z,"Coca-Cola (KO):

RSI divergence hints at reversal.

Bullish close above lower BB.

Key resistance: $62.50; breakout = upside.

Risk: Break below swing low = bearish.

Strategy:

Bullish: Above $62.50.

Bearish: Below swing low.

#CocaCola #StockAnalysis #TechnicalAnalysis #RSI https://t.co/dibENWpJxW",1877692018186453027,1293847835591372800
['1877687485720821775'],2025-01-10T12:02:36.000Z,"Bargain on Amazon UK. 24 can pack of Coke Zero for £10.99 or buy 3 packs for £18! Just add 3 packs into your basket and the discount will be taken off at checkout. #amazonuk #amazon #cocacola #cokezero 

 https://t.co/moJ1HzChsA",1877687485720821775,19224746
['1877686990637862985'],2025-01-10T12:00:38.000Z,"The untold stories, the creative genius, the moments that defined marketing history. Dive into the legends behind these brands and learn how they did it.

🎥 Watch here: https://t.co/Ni1tJyplu7

#MarketingStrategies #CocaCola #Nike #Apple #JustDoIt #1984Ad #AirJordans https://t.co/DiVesHSNgm",1877686990637862985,1825484354799206400
['1877685571570594293'],2025-01-10T11:55:00.000Z,Foodkida on LinkedIn: #cocacola #petbottle #foodtechnology #foodindustry https://t.co/NdrWcz4W1R,1877685571570594293,1873827097057107968
['1877675206505828799'],2025-01-10T11:13:49.000Z,@elonmusk They put the demon in the drink: Coca Cola #Coke #CocaCola https://t.co/BMft77Bmcv,1877675206505828799,1491389611448410112
['1877666099300647422'],2025-01-10T10:37:38.000Z,"🎅✨ The Magical History of Santa Claus: From Saint Nicholas to Modern-Day Icon 🎄🦌on
#santaclaus  #historyofsanta #christmastraditions  #saintnicholas  #sinterklaas  #santastories  #santa #cocacola #northpole 
#ChristmasHistory
https://t.co/UUmOxB1Mew",1877666099300647422,1877246845858230273
['1877648357428023387'],2025-01-10T09:27:08.000Z,"Gladys Escola’s story wasn’t just about a Coca-Cola bottle—it was about accountability. Her case paved the way for strict liability in product safety, shifting the burden to companies to ensure what they sell is safe. #productliability #fresno #cocacola https://t.co/nlhFDTNzk9",1877648357428023387,29270332
['1877576098902356351'],2025-01-10T04:40:00.000Z,"Vintage-Style Coca Cola Soda Fountain Glass https://t.co/Ao6ceZHB9o via @Etsy

Get 25% Off Orders of 2 or More Items

#cocacola #coke #cocacolacollector #cokecollectibles #sodafountain #libbeyglass #sodaglass #drinkware #cokecollector #etsyvintage #kitchenware #glassware",1877576098902356351,860601814659592192
['1877553450348851423'],2025-01-10T03:10:00.000Z,"2004 Coca Cola Cafe Serving Bowl https://t.co/2wE2qDKIYm via @Etsy

Get 25% Off Orders of 2 or More Items

#cocacola #coke #cocacolacafe #kitchenware #dinnerware #servingbowl #saladbowl #bowl #cocacolacollector #cokecollectibles #vintagestyle #tableware #cokecollector",1877553450348851423,860601814659592192
['1877547990862147852'],2025-01-10T02:48:18.000Z,Yep Meme lord King you do.  If you're gonna do the COKE it's either regular or cherry you go with !!!!! Diet is piss in the sugary drink game! #cocacola https://t.co/Tj1PW84vZC,1877547990862147852,1840282388196368384
['1877540866900033758'],2025-01-10T02:20:00.000Z,"2002 Coca Cola Checkered Mixing Bowl https://t.co/NVzuHOQ6tS via @Etsy

#OnSale - 15% Off and #FreeShipping thru 1/13/25

#cocacola #coke #mixingbowl #bowl #servingbowl #cocacolacollector #cokecollectibles #kitchenware #bakeware #dinnerware #VintageEtsy #etsysale #cookware",1877540866900033758,860601814659592192
['1877532442422054946'],2025-01-10T01:46:31.000Z,"@j4s0n_com @caitoz Ha! 
This one always gets me. 

Both have the same attitude towards Indigenous people Palestinians as well, 'coincidentally'.
#benchmarkcompetition #CocaCola $KO $PEP #Pepsi",1877532442422054946,384213289
['1877492310931349940'],2025-01-09T23:07:03.000Z,"@elonmusk I have no problem 
#cocacola 
Elon musk offer you something big",1877492310931349940,1602117913158504454
['1877468591286526072'],2025-01-09T21:32:48.000Z,Foodkida on LinkedIn: #cocacola #petbottle #foodtechnology #foodindustry https://t.co/zPCA68ZHuO,1877468591286526072,1873827097057107968
['1877467196453961850'],2025-01-09T21:27:15.000Z,"@elonmusk Does it helpful for body ??
Why u permot it ..
You will going to buy #cocacola ??",1877467196453961850,1602117913158504454
['1877456415226253695'],2025-01-09T20:44:25.000Z,"Ronaldo ristrict cock few years ago 
But now elon musk drink a huge Quantity of coke..
#coke #cocacola #ElonMusk #health #christianoronaldo https://t.co/WBOcmMfHwe",1877456415226253695,1602117913158504454
['1877454363632816446'],2025-01-09T20:36:16.000Z,"@elonmusk We boycott #CocaCola and every single supporter of genocide. A bon entendeur, salut.",1877454363632816446,1663915028896948227
['1877428537742725372'],2025-01-09T18:53:38.000Z,"Coca-cola vibes with beautiful Anna! ♥️

Remember you can support my art work on my Patre0n page! All photos are published in high-resolution and original form.

#cocacola #bodypositive #analoguephotography #sensualphoto https://t.co/5a8KFSYOhk",1877428537742725372,1441486373593223169
['1877422294340964743'],2025-01-09T18:28:50.000Z,Foodkida on LinkedIn: #cocacola #petbottle #foodtechnology #foodindustry https://t.co/3aPCdzt1tO,1877422294340964743,1873827097057107968
['1877403713528021123'],2025-01-09T17:15:00.000Z,"1996 Coca Cola Soda Fountain Sweetheart Barbie Doll  https://t.co/GS2k2TDzk3 via @Etsy

Get 25% Off Orders of 2 or More Items

#cocacola #barbie #coke #barbiecollector #cocacolacollector #dollcollector #vintagedoll #barbiedoll #cokecollectibles #vintagefinds #cokecollector",1877403713528021123,860601814659592192
['1877401812623327571'],2025-01-09T17:07:27.000Z,@elonmusk Have you just bought the #CocaCola Holdings company Elon🤔🤣,1877401812623327571,1223674925891964930
['1877389872840728757'],2025-01-09T16:20:00.000Z,"At Heartland we offer benefits such as our Tuition Reimbursement Program designed to support your physical, mental, and financial well-being. For more information on how to join a team that values you, visit https://t.co/wFlwkVzZf6 #Careers #Work4Coke #CocaCola #Hiring #Benefits https://t.co/WpqZ1xdxeO",1877389872840728757,898385217802686465
['1877387607526531525'],2025-01-09T16:11:00.000Z,"Did Coca Cola invent Santa Claus?

Well the answer might surprise you, because while they didn’t invent the mythical figure, they did popularize the image of him that we know and love today.

Marketing is more powerful than you think ladies and gentlemen.

#SantaClaus #CocaCola… https://t.co/0vKulolI2J https://t.co/gpkluTrHQy",1877387607526531525,1293656509713387526
['1877364526422585664'],2025-01-09T14:39:17.000Z,"I create Cold Coca-Cola Can for my client if anyone need this dm me for more details check out my company portfolio 
https://t.co/Sz1J1bdCWj
#CocaCola #ColdCan #RefreshingDesign #CokeLovers #CreativePackaging #SodaArt #DrinkDesign #GraphicDesign #PackagingDesign https://t.co/MQWr0DLXSv",1877364526422585664,1844385359804891136
['1877355065054277827'],2025-01-09T14:01:41.000Z,"New Business Alert!

Welcoming #RomasPizza in Lansdale, PA to the #LibertyCocaCola family! The restaurant is known for its variety in taste and fresh ingredients, now perfectly paired with a #CocaCola product! Great job Paris Mammana and the Philly team for this win! https://t.co/4SM79wmwpQ",1877355065054277827,862747627200417792
['1877330694625443911'],2025-01-09T12:24:51.000Z,"Discover how the fight for water justice, led by Adivasi leader Mayilamma, underscores the ongoing battle for compensation, sustainability, and recognition of indigenous rights.

 #CocaCola #Struggle #Plachimada #Mayilamma https://t.co/ExPk2bSa2T",1877330694625443911,2557037977
['1877323397471817818'],2025-01-09T11:55:51.000Z,"Happiness is here, Coca-Cola is here! 🥤✨ We’re feeling bubbly and full of joy as we officially start vendoring for @CocaCola! #TasteTheFeeling. ❤️🎉 #Happiness #cocacola https://t.co/yMXi2XqL8u",1877323397471817818,1434517524251512832
['1877305954846326813'],2025-01-09T10:46:32.000Z,"On a hot day, you always want to freshen up💦☀️

#nsfw #cocacola #girl #hot https://t.co/egiI4lSy3E",1877305954846326813,1785092111253331968
['1877275429318295749'],2025-01-09T08:45:15.000Z,"https://t.co/iDBef7DUPv
PepsiCo
Thread topic:
Some managers really need to go
$PEP #pepsico #Harrison #NewYork #snacks #PanteyShop #pepsi #beverages #CocaCola #layoff #layoffs #jobcut #joblosses #economy 🤖",1877275429318295749,1564880490548498432
['1877213751180398828'],2025-01-09T04:40:09.000Z,"Did you know? 🤔 

Coca-Cola was originally green! 🍃 The iconic drink was first made in 1886 and got its brown color after caramel coloring was added later. Today, it’s one of the most recognized brands in the world. 🥤 #DidYouKnow #CocaCola https://t.co/ZTqB3vnilp",1877213751180398828,1851922399606030336
['1877213296933155027'],2025-01-09T04:38:21.000Z,"#DanniiMinogue #kylieminogue #Sia #Madonna #Tension #mileycyrus  #NellyFurtado  #BebeRexha  #Tovelo #officialcharts #Billboard #bigtop40 #Aria #Brits #Grammys #mtv #bbcradio2 #BbcRadio1 #cocacola

PUESTO
#48

MISS A THING
(Official Audio)

https://t.co/ixjStdHwgS",1877213296933155027,136501428
['1877212578977362427'],2025-01-09T04:35:30.000Z,"#DanniiMinogue #kylieminogue #Sia #Madonna #Tension #mileycyrus  #NellyFurtado  #BebeRexha  #Tovelo #officialcharts #Billboard #bigtop40 #Aria #Brits #Grammys #mtv #bbcradio2 #BbcRadio1 #cocacola

PUESTO
#49

MY OH MY
(Live Hyde Park 2024)

https://t.co/K3zFA5Jxrn",1877212578977362427,136501428
['1877211194584608797'],2025-01-09T04:30:00.000Z,"1997 Brunette Barbie with Coca-Cola Fan and Parasol https://t.co/4mu3bnax5z via @Etsy

Get 25% Off Orders of 2 or More Items

#barbie #cocacola #coke #vintagedoll #barbiedoll #barbiecollector #cocacolacollector #cokecollectibles #etsyvintage #cokecollector #cocacolacollectibles",1877211194584608797,860601814659592192
['1877210279295021491'],2025-01-09T04:26:22.000Z,"#officialcharts #Billboard #bigtop40 #Aria #Brits #Grammys #mtv #bbcradio2 #BbcRadio1 #cocacola

PUESTO
#50

CAN'T GET YOU OUT OF MY HEAD
(SHOWGIRL TOUR)

https://t.co/qILX2PKru3",1877210279295021491,136501428
['1877188961434517929'],2025-01-09T03:01:39.000Z,End-users who bought this V4 #DOOH #leddisplay product with #rgbvisionled technology will come back to you for more #ledvisual #qualityled #novastar #nationstar #hub #outdoorledsign #cocacola #europe #image #advertising #billboards #ledpantalls #ecra #electrónicoLED #digitalmedia https://t.co/ZUJwPcgYGM,1877188961434517929,1115183135207985152
['1877185624072937899'],2025-01-09T02:48:23.000Z,Movie Night... 🍿🥤🍿🥤🍿🥤🍿 #MovieTime #PopCorn #CocaCola #CinemarkTinseltown #Unstoppable https://t.co/Bl67IE1EQp,1877185624072937899,2994798069
['1877168546641219715'],2025-01-09T01:40:32.000Z,"Things I love that inspire my nails. 
@cocacola_ca 

#love #cocacola #vintage https://t.co/rvv9ceZS5u",1877168546641219715,1364620654868365313
['1877155298789515552'],2025-01-09T00:47:53.000Z,"Found during forclosure remodel

Old 8pk of coke #calmdown #cocacola #pop https://t.co/QZDFJVPRtb via @YouTube",1877155298789515552,1714526059927109632
['1877138291750744461'],2025-01-08T23:40:18.000Z,"@RealAlexJones I'm a German civilian: We takes #X, #Facebook, #Paypal, #Microsoft, #Amazon, #Tesla, #McDonalds, #Apple, #Intel, #AMD, #nVidia, #Google, #Milwaukee, #CocaCola, #Pepsi, #Universal, #Paramount, #Pixar, #Disney, #HBO, #AMC, #Eminem, #BillieEilish etc.

Tell me what you takes from G. https://t.co/PcCPcLobAN",1877138291750744461,1560652909943001088
['1877086794887413788'],2025-01-08T20:15:41.000Z,"Sorry Trump you don't get Greenland or to rename the Gulf of Mexico but you can have your coke button back.

#coke 
#cocacola 
#Trump 
#Greenland 
#gulfofamerica",1877086794887413788,1258057260129009666
['1877054559480058268'],2025-01-08T18:07:35.000Z,"Hi Mobstarrs, I just cooked up some magic with @CocaCola_NG !
Can y'all take a guess?
-Ayra Starr via IG 
#CokeStudio #Cocacola https://t.co/dDovL89T6x",1877054559480058268,1710224242636181504
['1877042142213718390'],2025-01-08T17:18:15.000Z,"Start your day with a lovely smile to go through the day 😁..

#Trending #grants #cocacola #MotivationalWednesday #workfreak https://t.co/wlC7MpOWiE",1877042142213718390,1538867035
['1877037555910066185'],2025-01-08T17:00:01.000Z,"@CocaCola® is adding a zesty twist to its beloved Original and Zero Sugar ranges with the launch of a brand-new lime-flavoured variant.

Read More Here: https://t.co/Ve7zfKSkgp

#npd #cocacola #softdrink #lime #newflavour #zerosugar #consumers #convenience #retailers https://t.co/9zjY5Ujo6R",1877037555910066185,1044934657635225601
['1877037552601018864'],2025-01-08T17:00:00.000Z,"🇨🇦 Coca-Cola’s Balikbayan Box program spreads holiday cheer to Canadian Filipinos, connecting families across the miles. ❤️

Read more: https://t.co/7mpYfeRTpk
#FilipinoCommunity #BalikbayanBoxProgram #CocaCola https://t.co/0LzWXX1cjw",1877037552601018864,4842588973
['1877022784167022665'],2025-01-08T16:01:19.000Z,"When life gives you pickles and soda…make it dirty ✨🥒🥤 Would you try this 'dirty soda' recipe or are we banned from the kitchen? 😂

#pickle #pickles #recipe #dirtysoda #cocacola #fyp https://t.co/rQgFuGpgiI",1877022784167022665,167513387
['1877007351913369856'],2025-01-08T15:00:00.000Z,"1997 Coca Cola Checkerboard Serving Bowl https://t.co/vxMjf5vY3N via @Etsy

Get 25% Off Orders of 2 or More Items

#CocaCola #coke #servingbowl #bowl #dinnerware #kitchenware #cocacolacollector #cokecollectibles #etsyvintage #discontinued #tableware #cokecollector",1877007351913369856,860601814659592192
['1876996383707680959'],2025-01-08T14:16:25.000Z,"TD Cowen has upgraded Coca-Cola from Hold to Buy, maintaining its price target of $75 a share 

Analsysts believe selling is now ""overdone"" 

Coca-Cola's shares are down over 15% from its all-time highs in September last year

Is now the time to buy?

#CocaCola $KO #investing… https://t.co/0Du6EBMsjc",1876996383707680959,1443518321937338370
['1876992529318490153'],2025-01-08T14:01:06.000Z,"#CocaCola are the proud sponsor of TASTING VICTORY!

#football #LibertyCocaCola https://t.co/ANB7xHvg30",1876992529318490153,862747627200417792
['1876963890690421217'],2025-01-08T12:07:18.000Z,@RichardGrenell Did corrupt government officials sell it all to #CocaCola or what?,1876963890690421217,1887559158
['1876945317561528394'],2025-01-08T10:53:30.000Z,"Coca-Cola's Sips &amp; Sounds Music Festival in 2025 will include Halsey and Benson Boone as its main acts.

For its third year, Coca-Cola's Sips &amp; Sounds Music Festival is returning to Austin, Texas.

#LatestNews #Musician #Halsey #bensonboone #cocacola #musicfestival https://t.co/AXqZJqikT2",1876945317561528394,1126078559074656256
['1876930509617373691'],2025-01-08T09:54:39.000Z,"https://t.co/0ts7nydof9
PepsiCo
Thread topic:
S&amp;T
$PEP #pepsico #Harrison #NewYork #snacks #PanteyShop #pepsi #beverages #CocaCola #layoff #layoffs #jobcut #joblosses #economy 🤖",1876930509617373691,1564880490548498432
['1876828946697687161'],2025-01-08T03:11:05.000Z,I simply can’t understand why people don’t write-off restaurants with Pepsi products. That should be a thing. #Coke #CocaCola,1876828946697687161,844382781446803456
['1876822382611976642'],2025-01-08T02:45:00.000Z,"Vintage-Style Coca Cola Soda Fountain Glass https://t.co/Ao6ceZHB9o via @Etsy

Get 25% Off Orders of 2 or More Items

#cocacola #coke #cocacolacollector #cokecollectibles #sodafountain #libbeyglass #sodaglass #drinkware #cokecollector #etsyvintage #kitchenware #glassware",1876822382611976642,860601814659592192
['1876788409164804123'],2025-01-08T00:30:00.000Z,"2004 Coca Cola Cafe Serving Bowl https://t.co/2wE2qDKb8O via @Etsy

Get 25% Off Orders of 2 or More Items

#cocacola #coke #cocacolacafe #kitchenware #dinnerware #servingbowl #saladbowl #bowl #cocacolacollector #cokecollectibles #vintagestyle #tableware #cokecollector",1876788409164804123,860601814659592192
['1876769534516036071'],2025-01-07T23:15:00.000Z,"2002 Coca Cola Checkered Mixing Bowl https://t.co/NVzuHOQ6tS via @Etsy

#OnSale - 15% Off and #FreeShipping thru 1/13/25

#cocacola #coke #mixingbowl #bowl #servingbowl #cocacolacollector #cokecollectibles #kitchenware #bakeware #dinnerware #VintageEtsy #etsysale #cookware",1876769534516036071,860601814659592192
['1876756640164114835'],2025-01-07T22:23:46.000Z,"AI’s Impact on Coca-Cola: Transforming the Beverage Industry

https://t.co/cEBvEtzQXo

#cocacola #coke #stockmarketnews https://t.co/vMhP32WEUG",1876756640164114835,1861159340553707520
['1876754615829750269'],2025-01-07T22:15:43.000Z,"🌟 The iconic @CocaCola sign at Kings Cross celebrates 50 years of history in Sydney! 🎉🏙️ Since its installation in 1974, this symbol has witnessed thousands of connecting moments, from first dates to big celebrations. #CocaCola #SydneyIcon #50Years  https://t.co/gxxwWMgzYP",1876754615829750269,262842638
['1876747850744209671'],2025-01-07T21:48:50.000Z,Who really owns Coca-Cola? #cocacola $KO https://t.co/AMx1crz2zO,1876747850744209671,1533435460231512064
['1876724240210124987'],2025-01-07T20:15:01.000Z,"Time moves forward, but some things never change—refreshing Iowa since 1909. Here’s to 2025! 

#CocaCola #Bottler #2025 #Century #Refreshing https://t.co/J6Xgw8TOKh",1876724240210124987,2467830295
['1876716466323550561'],2025-01-07T19:44:07.000Z,"We are so grateful to IronPigs Charities for hosting the first-ever Illumination at Coca-Cola Park—a truly magical winter wonderland! ❄️🌟

#IronPigs #CocaCola #LehighValley https://t.co/gRNoL6nhdL",1876716466323550561,1227922472
['1876705362813821089'],2025-01-07T19:00:00.000Z,"1996 Coca Cola Soda Fountain Sweetheart Barbie Doll  https://t.co/GS2k2TDzk3 via @Etsy

Get 25% Off Orders of 2 or More Items

#cocacola #barbie #coke #barbiecollector #cocacolacollector #dollcollector #vintagedoll #barbiedoll #cokecollectibles #vintagefinds #cokecollector",1876705362813821089,860601814659592192
['1876690269699236194'],2025-01-07T18:00:02.000Z,"The Menu On A Coca-Cola Freestyle Machine Is Cool!
#cocacola #soda #Freestyle #SodaMachine #tech #DopeTech https://t.co/LA0WEmbCQD",1876690269699236194,3427337937
['1876688658050261381'],2025-01-07T17:53:37.000Z,"@CocaCola has added a #zesty twist to its beloved Original and #zerosugar ranges with the launch of a brand-new lime-flavoured variant.
#conveniencestore #BrandNew #cocacola #singlepack #asiantrader #IndustryNews
https://t.co/eNkd7PKcWy",1876688658050261381,306158972
['1876664620091617716'],2025-01-07T16:18:06.000Z,"#DanniiMinogue #kylieminogue #Sia #Madonna #Tension #mileycyrus  #NellyFurtado  #BebeRexha  #Tovelo #officialcharts #Billboard #bigtop40 #Aria #Brits #Grammys #mtv #bbcradio2 #BbcRadio1 #cocacola

PUESTO
#51

KISS OF LIFE
(Ft. Jessie Ware)

https://t.co/e35EU0k0nO",1876664620091617716,136501428
['1876664363823603778'],2025-01-07T16:17:05.000Z,"#DanniiMinogue #kylieminogue #Sia #Madonna #Tension #mileycyrus  #NellyFurtado  #BebeRexha  #Tovelo #officialcharts #Billboard #bigtop40 #Aria #Brits #Grammys #mtv #bbcradio2 #BbcRadio1 #cocacola

PUESTO
#53

IN YOUR EYES
(INFINITE DISCO)

https://t.co/s2IWDwQiI3",1876664363823603778,136501428
['1876664211784556620'],2025-01-07T16:16:29.000Z,"#DanniiMinogue #kylieminogue #Sia #Madonna #Tension #mileycyrus  #NellyFurtado  #BebeRexha  #Tovelo #officialcharts #Billboard #bigtop40 #Aria #Brits #Grammys #mtv #bbcradio2 #BbcRadio1 #cocacola

PUESTO
#54

THE LOCO-MOTION 
(Video 2)

https://t.co/k9bI08qB4L",1876664211784556620,136501428
['1876664076421505054'],2025-01-07T16:15:57.000Z,"#DanniiMinogue #kylieminogue #Sia #officialcharts #Billboard #bigtop40 #Aria #Brits #Grammys #mtv #bbcradio2 #BbcRadio1 #cocacola

YEAR END CHART 2024

(ACTO DANNII)

BLAME IT ON THE MUSIC

(YEAR END CHART 2024)
(Dancefloor Charts)

https://t.co/F13t7501lz",1876664076421505054,136501428
['1876663914668396853'],2025-01-07T16:15:18.000Z,"#officialcharts #Billboard #bigtop40 #Aria #Brits #Grammys #mtv #bbcradio2 #BbcRadio1 #cocacola

YEAR END CHART 2024

(ACTO DANNII)

DO YOU BELIEVE ME NOW
Roger Sánchez + Dannii Minogue

(YEAR END CHART 2024)
(Dancefloor Charts)

https://t.co/HeaUIzPmGd",1876663914668396853,136501428
['1876663745738391725'],2025-01-07T16:14:38.000Z,"#DanniiMinogue #kylieminogue #Sia #Madonna #Tension #officialcharts #Billboard #bigtop40 #Aria #Brits #Grammys #mtv #bbcradio2 #BbcRadio1 #cocacola

YEAR END CHART 2024

(ACTO DANNII)

BABY LOVE

(YEAR END CHART 2024)
(Dancefloor Charts)

https://t.co/OYKQf99oNc",1876663745738391725,136501428
['1876663598237249928'],2025-01-07T16:14:03.000Z,"#DanniiMinogue #kylieminogue #Sia #Madonna #Tension #officialcharts #Billboard #bigtop40 #Aria #Brits #Grammys #mtv #bbcradio2 #BbcRadio1 #cocacola

YEAR END CHART 2024

(ACTO DANNII)

PERFECTION

(YEAR END CHART 2024)
(Dancefloor Charts)

https://t.co/pmHPbtMWGS",1876663598237249928,136501428
['1876651252429238398'],2025-01-07T15:24:59.000Z,"Another amazing collection of Immortal Winners 2024 - @LBBOnline  -  #advertising #production #postproduction #brands #apple #cocacola 
https://t.co/5JI4Xc02om",1876651252429238398,106055734
['1876650340826726679'],2025-01-07T15:21:22.000Z,"Coca-Cola introduces new lime flavour!

Coca-Cola has launched Coca-Cola Lime and Coca-Cola Zero Sugar Lime

See here: https://t.co/pDWf9K2mQg

#CocaCola #CocaColaLime #NewFlavor #Refreshment #SoftDrinks https://t.co/6RBa92IR8L",1876650340826726679,17866306
['1876635144813203950'],2025-01-07T14:20:59.000Z,"$KO $60.81 -0.94 -1.52%
Bearish momentum. Incoming HHS Secretary Kennedy seeks to remove soda pop from the food stamp program. The landscape is changing, but King Cola will forever have a place in my portfolio. Own it, don’t trade it. 

#Stocks #StockMarket #CocaCola #Coke #MAHA https://t.co/GvIBCF57tO",1876635144813203950,1299433986167418882
['1876558497753756041'],2025-01-07T09:16:25.000Z,"It’s back… 👀

Put some ✨zest✨ into your sales with Coca Cola Lime!

Stock up today! 🥤

#CocaCola #CocaColaLime #Sales #SugroUK https://t.co/BWvINGYSak",1876558497753756041,831485979496161280
['1876548334594200035'],2025-01-07T08:36:02.000Z,"AI ads aren’t ‘one-click wonders’! 🎬🛠️ Coca-Cola’s team worked hard to mix AI tools with human creativity for their holiday campaigns. 🧠✨ #BehindTheAds #CocaCola #AIInnovation

https://t.co/Mfle95dWsF",1876548334594200035,743958702991020033
['1876527942014251512'],2025-01-07T07:15:00.000Z,"1997 Brunette Barbie with Coca-Cola Fan and Parasol https://t.co/4mu3bnax5z via @Etsy

Get 25% Off Orders of 2 or More Items

#barbie #cocacola #coke #vintagedoll #barbiedoll #barbiecollector #cocacolacollector #cokecollectibles #etsyvintage #cokecollector #cocacolacollectibles",1876527942014251512,860601814659592192
['1876503226565935363'],2025-01-07T05:36:47.000Z,"🖤 “I just paint things I always thought were beautiful.” - Andy Warhol 🍶✨ Transforming the everyday into extraordinary, his Coca-Cola bottle redefined art with simplicity and irony. 🥤🎨 A bold challenge to Abstract Expressionism, where pop meets profound. #CocaCola #Everyday https://t.co/xcbSH7eD1I",1876503226565935363,1624177945605709836
['1876502269816156628'],2025-01-07T05:32:59.000Z,#KO under $60 is a Gift!!!!! @CocaCola #cocacola..... Are you Buying? https://t.co/WwxoFmievI,1876502269816156628,2166403210
['1876500655650820280'],2025-01-07T05:26:34.000Z,"#DanniiMinogue #kylieminogue #Sia #Madonna #Tension #officialcharts #Billboard #bigtop40 #Aria #Brits #Grammys #mtv #bbcradio2 #BbcRadio1 #cocacola

YEAR END CHART 2024

(ACTO DANNII)

I BEGIN TO WONDER

(YEAR END CHART 2024)
(Dancefloor Charts)

https://t.co/3ieV29Ancg",1876500655650820280,136501428
['1876499986973962500'],2025-01-07T05:23:55.000Z,"#DanniiMinogue #kylieminogue #Sia #Madonna #Tension #mileycyrus  #officialcharts #Billboard #bigtop40 #Aria #Brits #Grammys #mtv #bbcradio2 #BbcRadio1 #cocacola

YEAR END CHART 2024

(ACTO DANNII)

GOOD TIMES 

(YEAR END CHART 2024)
(Dancefloor Charts)

https://t.co/JerNktQDTT",1876499986973962500,136501428
['1876499771755475162'],2025-01-07T05:23:03.000Z,"#DanniiMinogue #kylieminogue #Sia #Madonna #officialcharts #Billboard #bigtop40 #Aria #Brits #Grammys #mtv #bbcradio2 #BbcRadio1 #cocacola

YEAR END CHART 2024

(ACTO DANNII)

PUT THE NEEDLE ON IT 

(YEAR END CHART 2024)
(Dancefloor Charts)

https://t.co/BpeJU0oEFo",1876499771755475162,136501428
['1876499188256506244'],2025-01-07T05:20:44.000Z,"#DanniiMinogue #kylieminogue #Sia #Madonna #Tension #mileycyrus  #NellyFurtado  #BebeRexha  #Tovelo #TheBlassedMadonna #Youtube #officialcharts #Billboard #bigtop40 #Aria #Brits #Grammys #mtv #bbcradio2 #BbcRadio1 #cocacola

PUESTO
#55

2 HEARTS

https://t.co/3Z1prSXlFo",1876499188256506244,136501428
['1876498820814762078'],2025-01-07T05:19:17.000Z,"#DanniiMinogue #kylieminogue #Sia #Madonna #Tension #mileycyrus  #NellyFurtado  #BebeRexha  #Tovelo #officialcharts #Billboard #bigtop40 #Aria #Brits #Grammys #mtv #bbcradio2 #BbcRadio1 #cocacola

PUESTO
#56

ONLY YOU
(Ft. James Cordem)

https://t.co/aGfoCjhP63",1876498820814762078,136501428
['1876487870195929385'],2025-01-07T04:35:46.000Z,"https://t.co/rIL38gY11J   Food Bites Episode 0016 - Coca-Cola flavored Oreos // The author of this podcast is in no way compensated or endorsed by Coca-Cola, Oreos, Pop-Rocks, or any related affiliates of said companies. #FoodBites #EdgeEdgeway #CocaCola #Oreo https://t.co/XeLdjPZnIt",1876487870195929385,527933735
['1876467492987736200'],2025-01-07T03:14:48.000Z,NEW YOUTUBE VIDEO 🚨 Unboxing an AOK from the one and only @MamaJPops https://t.co/D20HLNivLY via @YouTube #unboxing #aok #stuffed  #donaldduck #vinyltoys #toycollector #vinylcollector #unboxingtoys #opening  #cocacola #ornaments https://t.co/28QM4VZEIF,1876467492987736200,21677783
['1876422337903357983'],2025-01-07T00:15:22.000Z,"How Coca-Cola Made $12.9 Billion with Just One Simple Idea! 💸💵

#cocacola #marketing #MarketingStrategy #Bitcoin https://t.co/WQ6hGnGYqm",1876422337903357983,1784171985334943744
['1876418518830186822'],2025-01-07T00:00:11.000Z,"Electric Coca Cola ""Pause and Refresh"" Sign.
January Gallery Auction.
Friday, January 17th | 10am.
Estimate: $500 / $900.

#michaans #auctions #bayarea #Alameda #explore #foryou #cocacola #antique #vintagesign #sign #ads #ad #electric #coke #1950s #decorations #collectibles #mood https://t.co/xg3YlKzPAU",1876418518830186822,66452085
['1876406865950908685'],2025-01-06T23:13:53.000Z,"Don't drink Coke? 
#Coke #CocaCola #shorts
#soda #comedy #comedyshorts #funny #funnyshorts #reaction #reactionshorts #short #youtubeshort #youtubeshorts 
https://t.co/YcuH6Y9FmH",1876406865950908685,303388263
['1876402155164463455'],2025-01-06T22:55:10.000Z,"I can definitely tell the difference between #cocacola and #pepsi, but for the life of me I can’t tell the difference between #sprite and #7up",1876402155164463455,20022312
['1876357251734417556'],2025-01-06T19:56:44.000Z,"This is Coca-Cola.  

Dm to work together 💼

  #editing #cocacola #coke #minimaledit #videoediting #freelancer #usa #newyork #fyp #2025 #videomarketing #creativeedits https://t.co/LoKFoVz9pT",1876357251734417556,1831746330986958848
['1876343343984300296'],2025-01-06T19:01:28.000Z,If you like my short form video i can make for you too yesss ! Just you need to DM me #animation #anime #cocacola https://t.co/M0ZvyblBCF,1876343343984300296,1875014349233979392
['1876342980254273571'],2025-01-06T19:00:01.000Z,"Your two vices in one photo. 🥤🔥
-
-
-
-
-
#CocaCola #Sexy #vices #sensuality #model #latina https://t.co/t4YpSRyrGu",1876342980254273571,1862161430453030912
['1876339033607135294'],2025-01-06T18:44:20.000Z,"Watch this video and I bet you will say Coca Cola!
#CocaCola https://t.co/Z67ZQ5K20c",1876339033607135294,974333898573471749
['1876330849257304574'],2025-01-06T18:11:49.000Z,"Chapter l of the Trilogy ‘Dynasty of Shadows.’ 

#ai #aiart #aiartwork #midjourney #digitalart #artificialintelligence #fashionai #aifashion #cocacola #DigitalArtwork #art #fashion #fashionstyle #trend #editorial #ViralArt #mcdonalds #Artcollector #Viral  #Artoftheday #Lennox https://t.co/uBK3kNCAoq",1876330849257304574,1858916058209390592
['1876330774141788633'],2025-01-06T18:11:31.000Z,"Chapter l of the Trilogy ‘Dynasty of Shadows.’ 

#ai #aiart #aiartwork #midjourney #digitalart #artificialintelligence #fashionai #aifashion #cocacola #DigitalArtwork #art #fashion #fashionstyle #trend #editorial #ViralArt #mcdonalds #Artcollector #Viral  #Artoftheday #Lennox https://t.co/POkn7rSVoB",1876330774141788633,1858916058209390592
['1876327573912953053'],2025-01-06T17:58:48.000Z,"Very late Christmas gift - grateful I was the few lucky ones to get the first batch prior to official release.

HIHI #labubu #labubuxcocacola #cocacola #POPMART https://t.co/MiJLrMLDbU",1876327573912953053,1251132721142718466
['1876320473052786956'],2025-01-06T17:30:35.000Z,"Sweet Vintage Hanover Quartz Coca Cola Wall Clock Battery Operated Works Great!  Find it here:  https://t.co/pSc77NkigK
#rickstreasurechest #rickstreasurechest405 #cocacola #clock #collectable https://t.co/o3pyX3G640",1876320473052786956,1863063988415672322
['1876317435533619479'],2025-01-06T17:18:31.000Z,"@TheAaryanKartik WE YOUR FANS ALSO NEED TO DANCE OUR HEART OUT AGAIN ON THE MOVIE HALLS ON YOUR CHARTBUSTERS SONG ,LIKE #DhemmeDhemme #BomDiggy #ChoteChotePeg #CocaCola #HaanMainGalat #Paro #Sharabi #CrazyLover nd MORE..!
PLEASE RE RELEASE ANY FILM OF YOURS,PLEASE 

#KartikAaryan",1876317435533619479,1556520673748475905
['1876310370782257507'],2025-01-06T16:50:27.000Z,"🚨 We're Hiring in Wichita, Kansas! 🚨 Start the new year with a fresh and promising career at Heartland Coca-Cola! Ready to take the first step toward something great? Let’s grow together! Apply today at https://t.co/1ZwsMOf31T #Hiring #work4Coke #CocaCola #Nowhiring #Jobs https://t.co/GNXb9ND9mQ",1876310370782257507,898385217802686465
['1876306483664806060'],2025-01-06T16:35:00.000Z,Did you know Coca-Cola's iconic logo hasn't changed much since 1887? Consistency builds trust. What does your logo say? #Consistency #CocaCola #IconicBrands #GPByDesign https://t.co/arzZ8jt32A,1876306483664806060,1836555933864071172
['1876287944463626410'],2025-01-06T15:21:20.000Z,"Company Cans - Cans not sold to the public, usually to celebrate somerhing within the company like retirements and such.  LOOKING FOR MORE!!!! HELP!!!!  #company #pepsi #coke #cocacola #drpepper @cocacola @pepsi @pepsico_design @PepsiCoJOBS @PepsiCo https://t.co/f5ZD8kAMUo",1876287944463626410,48074529
['1876258800287859018'],2025-01-06T13:25:31.000Z,"The beginning of the trilogy “Dynasty of Shadows""

#ai #aiart #aiartwork #midjourney #digitalart #artificialintelligence #fashionai #aifashion #cocacola #DigitalArtwork #art #fashion #fashionstyle #trend #editorial #ViralArt #mcdonalds #Artcollector #Viral  #Artoftheday #Lennox https://t.co/qeREivy6DO",1876258800287859018,1858916058209390592
['1876257337549476114'],2025-01-06T13:19:43.000Z,"6/ Why Stories Beat Features
Consider the cola wars:
#CocaCola sells happiness (“Taste the Feeling”), tying its product to joyful moments.
#Pepsi, on the other hand, has often focused on flavor or celebrities-a strategy that feels transactional in comparison.
People connect… https://t.co/NU3nvAOKxH",1876257337549476114,1875188917928108033
['1876249176419504268'],2025-01-06T12:47:17.000Z,"New Nft design 
#cocacola

https://t.co/eYPiCZlh1z https://t.co/WHpRyREqQG",1876249176419504268,1696931300970582016
['1876243053276770557'],2025-01-06T12:22:57.000Z,"Right now, #CocaCola with #ChivasRegalNG12 is missing badly 😢 ? https://t.co/wBbSOinjHd",1876243053276770557,1202943641351835648
['1876210574310424798'],2025-01-06T10:13:53.000Z,"Thank you👏👏👏👏👏👏🌸
#BBNaija #chivitaontheshelf #COCACOLA",1876210574310424798,1628442000268697603
['1876194167069819165'],2025-01-06T09:08:42.000Z,"@CocaCola_NG 
@CocaColaCo 
@CocaColaPRD 

Poem
Title: Something For The Throat

#Mosan
#บอลไทย 
#CocaCola https://t.co/bwNTix7zEW",1876194167069819165,1519058867782660097
['1876177803194032410'],2025-01-06T08:03:40.000Z,"#DanniiMinogue #kylieminogue #Sia #Madonna #Tension #officialcharts #Billboard #bigtop40 #Aria #Brits #Grammys #mtv #bbcradio2 #BbcRadio1 #cocacola

YEAR END CHART 2024

ACTO (B)

PAPER DOLLS

(YEAR END CHART 2024)
(Dancefloor Charts)

#Unreleased

https://t.co/89pjn8a7ro",1876177803194032410,136501428
['1876177637670105097'],2025-01-06T08:03:01.000Z,"#DanniiMinogue #kylieminogue #Sia #Madonna #officialcharts #Billboard #bigtop40 #Aria #Brits #Grammys #mtv #bbcradio2 #BbcRadio1 #cocacola

YEAR END CHART 2024

ACTO (B)

WHENEVER YOU FEEL LIKE IT

(YEAR END CHART 2024)
(Dancefloor Charts)

#Unreleased

https://t.co/kBWbxD7vv4",1876177637670105097,136501428
['1876177476344578417'],2025-01-06T08:02:22.000Z,"#DanniiMinogue #kylieminogue #Sia #Madonna #officialcharts #Billboard #bigtop40 #Aria #Brits #Grammys #mtv #bbcradio2 #BbcRadio1 #cocacola

YEAR END CHART 2024

ACTO (B)

BREAK THIS HEARTBREAK 

(YEAR END CHART 2024)
(Dancefloor Charts)

#Unreleased

https://t.co/9akMm9lVUB",1876177476344578417,136501428
['1876170164242391061'],2025-01-06T07:33:19.000Z,"#DanniiMinogue #kylieminogue #Sia #officialcharts #Billboard #bigtop40 #Aria #Brits #Grammys #mtv #bbcradio2 #BbcRadio1 #cocacola

YEAR END CHART 2024

ACTO (B)

SPARKS 

(YEAR END CHART 2024)
(Dancefloor Charts)

#Unreleased

https://t.co/RBXSV3cr76",1876170164242391061,136501428
['1876169825988600003'],2025-01-06T07:31:58.000Z,"#DanniiMinogue #kylieminogue #Sia #Madonna  #officialcharts #Billboard #bigtop40 #Aria #Brits #Grammys #mtv #bbcradio2 #BbcRadio1 #cocacola

YEAR END CHART 2024

ACTO (B)

RENDEZOUS AT SUNSET 

(YEAR END CHART 2024)
(Dancefloor Charts)

#Unreleased

https://t.co/NOvVnqyv2A",1876169825988600003,136501428
['1876169576293228916'],2025-01-06T07:30:59.000Z,"#DanniiMinogue #kylieminogue #Sia #Madonna #Tension #officialcharts #Billboard #bigtop40 #Aria #Brits #Grammys #mtv #bbcradio2 #BbcRadio1 #cocacola

YEAR END CHART 2024

ACTO (B)

SPOTLIGHT

(YEAR END CHART 2024)
(Dancefloor Charts)

#Unreleased

https://t.co/sizxMZQexg",1876169576293228916,136501428
['1876169485692055736'],2025-01-06T07:30:37.000Z,"Mainland moms be like
#Alakadabadandboujee 
#kafmallcinema
#Ghana 
#SouthAfrica #Nigeria #NaijaFarmer #chivitaontheshelf #COCACOLA #hollandiamilk #modeloftheyear https://t.co/x4boZFr4oL",1876169485692055736,1628442000268697603
['1876169189108691132'],2025-01-06T07:29:26.000Z,"#DanniiMinogue #kylieminogue  #officialcharts #Billboard #bigtop40 #Aria #Brits #Grammys #mtv #bbcradio2 #BbcRadio1 #cocacola

YEAR END CHART 2024

ACTO (B)

SILENCE 

(YEAR END CHART 2024)
(Dancefloor Charts)

#Unreleased

https://t.co/IeBc6qaaR7",1876169189108691132,136501428
['1876168837705437532'],2025-01-06T07:28:03.000Z,"#DanniiMinogue #kylieminogue #Sia #Madonna #Tension   #officialcharts #Billboard #bigtop40 #Aria #Brits #Grammys #mtv #bbcradio2 #BbcRadio1 #cocacola

YEAR END CHART 2024

ACTO (B)

SWEET TALK

(YEAR END CHART 2024)
(Dancefloor Charts)

#Unreleased

https://t.co/REvyN3QBCz",1876168837705437532,136501428
['1876141787708072068'],2025-01-06T05:40:33.000Z,"Like all types of added sugars, cane sugar is usually linked with negative health effects like weight gain, type 2 diabetes, and heart disease.

Sugar period, can lead to health problems such as diabetes, obesity, heart disease, and fatty liver.  #CocaCola https://t.co/qTEsaDTLvD",1876141787708072068,1123305930
['1876137655882396108'],2025-01-06T05:24:08.000Z,"#officialcharts #Billboard #bigtop40 #Aria #Brits #Grammys #mtv #bbcradio2 #BbcRadio1 #cocacola

PUESTO
#58

SAY SOMETHING 
(Ft. The House Gospel Choir)

https://t.co/hnO8rHqJ0V",1876137655882396108,136501428
['1876137442476261414'],2025-01-06T05:23:17.000Z,"#DanniiMinogue #kylieminogue #Sia #Madonna #Tension #mileycyrus  #NellyFurtado  #BebeRexha  #Tovelo #officialcharts #Billboard #bigtop40 #Aria #Brits #Grammys #mtv #bbcradio2 #BbcRadio1 #cocacola

PUESTO
#59

PLEASE STAY

https://t.co/pRVE5kyRGW",1876137442476261414,136501428
['1876120726933299311'],2025-01-06T04:16:52.000Z,"When creativity meets code: AI ads that took the spotlight in 2024 

https://t.co/XUrWdyDliE 

#Pedigree #Dabur #5Star #CocaCola #MondelezIndia #AI #creativitymeetscode https://t.co/mnFgSNOWoI",1876120726933299311,48623005
