author_id,text,edit_history_tweet_ids,created_at,id
1714022057535582208,"@LockSmith15270 #Coke tastes better
 #Pepsi tastes like watered down Coke",['1878658612056498399'],2025-01-13T04:21:31.000Z,1878658612056498399
1594386439239761923,#vape #vaporwave #sony #psx #retro #pepsi #Japanese  Look at this... 👀 https://t.co/PYUufrxg51,['1878620989048910104'],2025-01-13T01:52:01.000Z,1878620989048910104
1921946863,I understand your feelings but #Pepsi https://t.co/nBT1QRXB2z,['1878620902214271323'],2025-01-13T01:51:40.000Z,1878620902214271323
1651750612785065988,Yea I’m balling str8 Michael . #nike #nyc #MichaelJackson #pepsi @X,['1878619627259113748'],2025-01-13T01:46:36.000Z,1878619627259113748
120991858,Super Mario Brothers #Pepsi Bottle Cap Collection: Bill Blaster/Hodai #11 brought to you by the #PlastiqueBoutique https://t.co/gLsvw3XJWu #SuperMario #SuperMarioFigure #SuperMarioCollection #Pepsi #SuperMarioCollections #SuperMarioFigures,['1878595659932045349'],2025-01-13T00:11:22.000Z,1878595659932045349
52658647,"@AJEnglish Bismillah, instead Flight Attendants pushing alcohol on passengers Airlines need to have ""trained"" flight attendant rotate in that seat. --Passenger helping is work #taiwanisaprovince #PEPSİ #CrimesAgainstHumanity #HumanRights #GazaGenocide #FreePalestine #abcnews #aljezeera https://t.co/KmdCxHD0sK",['1878582135248011367'],2025-01-12T23:17:38.000Z,1878582135248011367
195536391,help #Pepsi and #Clementine find a home #together #NewRomney #KENT #UK https://t.co/t8QrH1M9AC,['1878571899271143522'],2025-01-12T22:36:57.000Z,1878571899271143522
21751715,"The Stories Behind The Names Of The World’s Biggest Companies!

#Cisco #Pepsi #Google #Sega #BrandStory #Brands #BrandNames #WhatJobs 

https://t.co/gFyM0PUljQ",['1878562965579825250'],2025-01-12T22:01:27.000Z,1878562965579825250
1726973701793382400,"That is one good-looking... hot dog! 🌭🤣
[Everyone immediately pivots on dinner plans and heads out to their local Factory!]

#Celebrities #IdrisElba #EatingaHotDog #Pepsi #CelebritiesEatingHotDogs #foodie #foodiegram #foodies #foodielife https://t.co/NL4C7ToMal",['1878559580113732003'],2025-01-12T21:48:00.000Z,1878559580113732003
3384927484,"Defund Israeli #UK #EU AND #US child killers, boycott #oreoservicesreview #oreoticketreview #Orangina #mirinda #CocaCola #SpriteStudio #Sprite #7up #Fanta #pepison #Pepsiมิตรชวนกรี๊ดxGeminiFourth #Pepsi #Oasis drinks #Oracle #Cisco #Salesforce #salesforceblog #salesforcecloud #BP https://t.co/lwh5Rb56ZG",['1878524818443702651'],2025-01-12T19:29:52.000Z,1878524818443702651
1025724467685859328,"Just me and my Pepsi bubblegum, blowing bubbles and having a blast🍬💙

#BubblegumVibes #PepsiFun #GoodTimes #GumGoals #bubblegum #balloons #inflatables #looner #fyp #balloongirl #bunnylooner #b2p #bubbles #pepsi #japan #daiso https://t.co/stfyPgbDme",['1878517552676024634'],2025-01-12T19:01:00.000Z,1878517552676024634
2327427701,""" Foodie heaven ""  - @vignesh003007.

#foodie #chickenbiryani #egg #pizza #kulfi #icecream #dessert #burger #pepsi #milkshake #fries #foodieheaven #twitterreels #twitterpost #post #on #sunday #12thjanuary #2025 #twitter #vignesh003007 #vignesh0307 #vigneshgovindhan #vignesh https://t.co/rwkEw6Yb0w",['1878505378079486364'],2025-01-12T18:12:37.000Z,1878505378079486364
1056929905353490432,Delusional lg naman di ba? So why not? Ito din hahah #DanLia sa #Pepsi commercial to before #DanielPadilla #JuliaBarretto https://t.co/eJXvQ0Tih6 https://t.co/YqF5ceg7j8,['1878476138730975426'],2025-01-12T16:16:26.000Z,1878476138730975426
936081583257341952,"https://t.co/K9NtRpLE0N 

You're in there @pepsi @CocaCola selling even more stuff to murderous Russia while others left? Profits are that good? 

Let's spread the news!

#Pepsi #CocaCola #drinking #alcohol @ABC @nbcsnl @amanpour @60Minutes @ABC2020 @Forbes @FortuneMagazine @FT",['1878463374826029563'],2025-01-12T15:25:43.000Z,1878463374826029563
1864286478672777220,"@AboutMusicYT @ZB1_official @pepsi @STARSHIPent
ZEROBASEONE has endorsement for the next artist is coming over here soon at the STARSHIP Campaign for PEPSI Soda Drink Commercial Advertisement. 🥤
#ZEROBASEONE #제로베이스원 #PEPSI #펩시 #STARSHIP #RTKandKPOPs https://t.co/u2kWGYCyLa",['1878438319975256282'],2025-01-12T13:46:09.000Z,1878438319975256282
2796486927,"#DoYouRemember the #Coke vs. #Pepsi ""Cola Wars""?
""Godfather Pepsi"" Commercial 😀
#GodFather https://t.co/ShnLd9McPg",['1878412593825538181'],2025-01-12T12:03:56.000Z,1878412593825538181
1405396341291892737,Pepsi and Taco Bell #80s #pepsi #tacobell https://t.co/FwIviTxDF8 via @YouTube,['1878392758714388968'],2025-01-12T10:45:07.000Z,1878392758714388968
120991858,Star Wars #Pepsi Bottle Cap Figure: Darth Sidious (Japanese Import) brought to you by the #PlastiqueBoutique https://t.co/SqhxZeEjXv #StarWarsFigure #StarWarsToy #StarWarsCollections #StarWarsFigures #StarWarsCollection #StarWars,['1878389103315525809'],2025-01-12T10:30:35.000Z,1878389103315525809
1346360346924126208,"NEW ARRIVAL🔥 Stainless Steel Rolex GMT-Master II! Swipe ⏩ for prices 🇯🇵⏩🇺🇲🇪🇺

https://t.co/ONAYpTR430

🔥IN STOCK:
#Pepsi GMT-Master II Oyster 126710BLRO
#Batgirl GMT-Master II Jubilee 126710BLNR

📩 DM @time.walker.official
🌏JP, ENG &amp; CHN
🌟Nakano Broadway 1F 🕒 11:00~19:30… https://t.co/Ka0pC9hSjw https://t.co/VbhZ4vEuzg",['1878323596583715198'],2025-01-12T06:10:17.000Z,1878323596583715198
1575093125684789248,#Pepsi #gmo video! #TikTok https://t.co/0AFeaUgyNP,['1878317808829731088'],2025-01-12T05:47:17.000Z,1878317808829731088
1236429216964472832,"Lawsuit Calls Out Big Plastic
Lawsuit names big brands that are the largest contributors to plastic waste. The filing clearly articulates their campaign to mislead consumers about recycling.
#clorox #coke #OceanPlastic #pepsi 
https://t.co/U9EDRpfHjJ",['1878288785605026011'],2025-01-12T03:51:58.000Z,1878288785605026011
1921946863,Yeah that’s cool but have you ever consider that maybe #Pepsi ? https://t.co/GHJCZjpDfI,['1878262866731516382'],2025-01-12T02:08:58.000Z,1878262866731516382
1082823446264872960,"#Pepsi Your done!  Ban Pepsi and All their products!   
Fritos, Aquafina, Cap n crunch, Lays, Mt.Dew, More
Hey @yumbrands  🛑 stop doing business with
@PepsiCo https://t.co/JjHBPYH3D8",['1878258478940028931'],2025-01-12T01:51:32.000Z,1878258478940028931
120991858,Super Mario Brothers #Pepsi Bottle Cap Collection: Mario &amp; Bullet Bill #6 brought to you by the #PlastiqueBoutique https://t.co/koPhAVTfpr #SuperMario #SuperMarioCollection #SuperMarioFigures #Pepsi #SuperMarioCollections #SuperMarioFigure,['1878218169464025482'],2025-01-11T23:11:21.000Z,1878218169464025482
1668441752364281856,"Yall still supporting genocide or nah?

#subwaysandwiches #carlsjr #costacoffee #burgerking #TGIFridays #philipmorris #pepsi #marscandy 

#NAFO #NAFOFellas #ukraine #MUGA #MAGA #donaldtrump #RussiaIsATerroristState https://t.co/qDZn4xr72A https://t.co/q1toHfgaL8",['1878202130567237840'],2025-01-11T22:07:37.000Z,1878202130567237840
56158940,https://t.co/QJVddx3tC4 #MikeTyson #pepsi advert discussed by #kennahoum #tyson #ironmike,['1878200432977162458'],2025-01-11T22:00:53.000Z,1878200432977162458
1041579339018579968,"Breaking Boundaries

https://t.co/Iy9qARjUCA

#wealthmanagement #wealth #financialplanning #wealthbuilding #investment #money #financialfreedom #investing #financialadvisor #finance #pepsi #wisconsin #WithPatientsInMind #lifesciences #socialprotection #biotechnology #scicomm",['1878182445238960175'],2025-01-11T20:49:24.000Z,1878182445238960175
1041579339018579968,"Breaking Boundaries

https://t.co/Iy9qARjUCA

#CrossFit #FitnessModel #FitnessAddict #PersonalTrainer #FitnessGirl #GymMotivation #FitnessJourney #Physique #Powerlifting #Gymtime #Pilates #Instafitness #pepsi #WithPatientsInMind #socialprotection #productivity #earthday",['1878181268162048030'],2025-01-11T20:44:43.000Z,1878181268162048030
1041579339018579968,"Breaking Boundaries

https://t.co/Iy9qARjUCA

#investing #financialadvisor #finance #pepsi #wisconsin #WithPatientsInMind #lifesciences #socialprotection #biotechnology #scicomm #healthsupplement #biologist #laboratorylife #scientists #molecularbiology #researcher #scientist.",['1878179901070598386'],2025-01-11T20:39:17.000Z,1878179901070598386
1041579339018579968,"Breaking Boundaries

https://t.co/Iy9qARjUCA

#FederalReserve #Fed #econtwitter #pepsi #WithPatientsInMind #socialprotection #productivity #earthday #propertyrights #Freemarkets #workers #prosperity #niper #medical #scientistlife #phdchat #pharmaceuticals #biology #biological",['1878176875647816041'],2025-01-11T20:27:16.000Z,1878176875647816041
1041579339018579968,"Breaking Boundaries

https://t.co/Iy9qARjUCA

#nutritionequity #wearenih #nutritionecology #lifespan #microbiome #InvestinHealth #ThatsWhoWeAre #worldbank #harvardhealth #INTHEVINEYARD #FIVESTARBRUNCH #forwardlooking #wisconsin #cumbria #pepsi #act4resilience #CEOs #nfl",['1878175429091029141'],2025-01-11T20:21:31.000Z,1878175429091029141
1025724467685859328,"Ready to take my bubble-blowing skills to the next level with these Pepsi flavor bubblegums from Japan! 🍬✨ Let’s see if I can blow some epic bubbles! 

#BubbleChallenge #PepsiFun #GumGoals #bubblegum #balloons #looner #fyp #balloongirl #bunnylooner #pepsi #japan #daiso https://t.co/hIbUaVdyAI",['1878170264657367549'],2025-01-11T20:01:00.000Z,1878170264657367549
1867735986353889280,"Please take distortion out of the #subconcious #Pepsi .

You owe people who bought your caps.

#GoHumanity",['1878145048488865854'],2025-01-11T18:20:48.000Z,1878145048488865854
1476742116,"WHO WOULD YOU TRUST? 🤔
#trust #trustissues #youhadonejob #pepsi #kick #rideordie #meme
#videos2watchNOW
https://t.co/QRvkMj4J9K https://t.co/OFsrwva9NY",['1878127337046241648'],2025-01-11T17:10:25.000Z,1878127337046241648
1786262145652387841,"The backlash was immediate and fierce. Critics accused Pepsi of exploiting serious issues like racial injustice for profit.

Bernice King, MLK’s daughter, tweeted:

“If only Daddy would have known about the power of #Pepsi.”

That one tweet summed up public sentiment perfectly. https://t.co/m6OMJmhwNf",['1878066104742170877'],2025-01-11T13:07:06.000Z,1878066104742170877
897105984400875520,"Breaking Boundaries

https://t.co/xrEPmallfP

#WBW2020 #metoo #breastfeeding #thisisdiabetes #alllivesmatters #wealthmanagement #wealth #financialplanning #wealthbuilding #investment #money #financialfreedom #investing #financialadvisor #finance #pepsi #wisconsin",['1878054764413403301'],2025-01-11T12:22:03.000Z,1878054764413403301
897105984400875520,"Breaking Boundaries

https://t.co/xrEPmallfP

#economy #markets #fx #econtwitter #economy #wages #employment #inflation #SustainableInclusiveGrowth
#FoodTransformation #HealthcareJourney #FoodisHealth #FoodisMedicine #WorldHeartDay
#HumanCapitalProject,
#healthsystem #pepsi",['1878050342958461053'],2025-01-11T12:04:28.000Z,1878050342958461053
897105984400875520,"Breaking Boundaries

https://t.co/xrEPmallfP

#cumbria #pepsi #INTHEVINEYARD #FIVESTARBRUNCH #act4resilience #CEOs #healthforall #DRR #InvestinHealth #ThinkBeyondTomorrow #resilienceforall #BuildToLast #venturecapital #venturecapital #SustainableInclusiveGrowth",['1878049973238964301'],2025-01-11T12:03:00.000Z,1878049973238964301
120991858,Monsters Meet Pepsi-Man Bottle Cap Collection: The Invisible Man #7 brought to you by the #PlastiqueBoutique https://t.co/krtTkmYeCU #PepsiCollectors #PepsiCollector #PepsiCollection #Pepsi #PepsiFigure #PepsiCollections #PepsiMerch,['1878026197646393414'],2025-01-11T10:28:32.000Z,1878026197646393414
120991858,Star Wars #Pepsi Bottle Cap Figure: R2-D2 #13 (Japanese Import) brought to you by the #PlastiqueBoutique https://t.co/6eaphDyf4z #StarWarsCollection #StarWarsCollections #StarWars #StarWarsToy #StarWarsFigure #StarWarsFigures,['1878025222638440450'],2025-01-11T10:24:39.000Z,1878025222638440450
1921946863,When you #Pepsi you Pepsi https://t.co/c7RXtEzIb9,['1877939430435979280'],2025-01-11T04:43:45.000Z,1877939430435979280
15335358,@j_c_domingues Yall! Remember when he remade this for the #Pepsi commercial?,['1877907845238104158'],2025-01-11T02:38:14.000Z,1877907845238104158
1488974384765145088,"Pepsi sent over a sample of their newest permanent flavor - Wild Cherries &amp; Cream, launching permanently this month and my review for it is up now on @sporked! :)

https://t.co/96hP22y6rm

Thx @pepsi for the sample! 

#pepsi #sporked #review #teamsupernova https://t.co/x1rQx94C3i",['1877906437592019190'],2025-01-11T02:32:39.000Z,1877906437592019190
1585823109223010306,"@elonmusk Switch over to #Pepsi,  it's worth it. So much better. Let the debates begin!",['1877888943653289998'],2025-01-11T01:23:08.000Z,1877888943653289998
2994798069,Pizza Friday... 🍕🍕🍕🍕🍕🍕🍕 #BuenProvecho #Pizza #Ensalada #Pepsi #Boombozz https://t.co/6HBKEMG0Mj,['1877876603084013794'],2025-01-11T00:34:06.000Z,1877876603084013794
1041579339018579968,"Our story and Modern Selfcare agenda have reshaped the landscape of Modern Selfcare, Consumer Goods, and Consumer Health activities.

https://t.co/ulLay8CfF6

#investing #financialadvisor #finance #pepsi #wisconsin #WithPatientsInMind #lifesciences #socialprotection",['1877810744349065592'],2025-01-10T20:12:24.000Z,1877810744349065592
1041579339018579968,"Our story and Modern Selfcare agenda have reshaped the landscape of Modern Selfcare, Consumer Goods, and Consumer Health activities.

https://t.co/ulLay8CfF6

#UHC #WHS2024 #economy #markets #fx #econtwitter
#economy #growth #inflation #FederalReserve #Fed #econtwitter #pepsi",['1877808413544980495'],2025-01-10T20:03:08.000Z,1877808413544980495
1041579339018579968,"Our story and Modern Selfcare agenda have reshaped the landscape of Modern Selfcare, Consumer Goods, and Consumer Health activities.

https://t.co/ulLay8CfF6

#FIVESTARBRUNCH #forwardlooking #wisconsin #cumbria #pepsi #act4resilience #CEOs #nfl #healthforall #DRR #InvestinHealth",['1877803627856757170'],2025-01-10T19:44:07.000Z,1877803627856757170
897105984400875520,"Breaking Boundaries

https://t.co/xrEPmallfP

#economy #markets #fx #econtwitter #economy #wages #employment #inflation #SustainableInclusiveGrowth
#FoodTransformation #HealthcareJourney #FoodisHealth #FoodisMedicine #WorldHeartDay
#HumanCapitalProject,
#healthsystem #pepsi",['1877778912077332651'],2025-01-10T18:05:54.000Z,1877778912077332651
897105984400875520,"Breaking Boundaries

https://t.co/xrEPmallfP

#cumbria #pepsi #INTHEVINEYARD #FIVESTARBRUNCH #act4resilience #CEOs #healthforall #DRR #InvestinHealth #ThinkBeyondTomorrow #resilienceforall #BuildToLast #venturecapital #venturecapital #SustainableInclusiveGrowth",['1877778527136719007'],2025-01-10T18:04:22.000Z,1877778527136719007
1560620920229617664,"People be asking how lucky I am, Le me who is having that much kurkuree in just 20pkr pack.
#kurkuree #toofaanimirch #fritolay #PEPSI https://t.co/iwSVrkOziF",['1877717609291915378'],2025-01-10T14:02:19.000Z,1877717609291915378
120991858,Pepsi-Man Accident Series Bottle Cap Collection: No Way! #6 (Japanese brought to you by the #PlastiqueBoutique https://t.co/DhxaIFE245 #PepsiCollections #PepsiMerch #PepsiCollector #Pepsi #PepsiCollectors #PepsiFigure #PepsiCollection,['1877664526503412161'],2025-01-10T10:31:23.000Z,1877664526503412161
120991858,Star Wars #Pepsi Bottle Cap Figure: Obi-Wan Kenobi Head #37 (Japanese Import) brought to you by the #PlastiqueBoutique https://t.co/Q5RpkmMbgN #StarWarsFigures #StarWarsCollection #StarWarsToy #StarWarsFigure #StarWarsCollections #StarWars,['1877662905404916026'],2025-01-10T10:24:56.000Z,1877662905404916026
1404342942177787906,"#AdofTheDay 79

Sachin and SRK | old #Pepsi Commercial  of late 90's

Revitalize Pepsi's brand with a nostalgic campaign, revisiting the iconic '90s ad featuring Sachin Tendulkar and Shah Rukh Khan. Launch limited edition cans and share throwback content on social media to… https://t.co/D75PpYzZCN https://t.co/qcD7W6OKUG",['1877614805432844552'],2025-01-10T07:13:48.000Z,1877614805432844552
1013176558872399872,@NHL @pepsi What’s a #pepsi shutout?,['1877608377301217466'],2025-01-10T06:48:16.000Z,1877608377301217466
1921946863,#Pepsi the logo always clean https://t.co/1V3DoYWoEU,['1877569589158007117'],2025-01-10T04:14:08.000Z,1877569589158007117
1788749668526051328,@elonmusk You and me both #Pepsi https://t.co/YB0BC64H8N,['1877553863303037435'],2025-01-10T03:11:38.000Z,1877553863303037435
1466298729640591361,@elonmusk Double that every day with #PEPSI and then you are in my lane Sir!,['1877549287665799351'],2025-01-10T02:53:28.000Z,1877549287665799351
1599408306,"Gorgeous Brandy G, Music: Bounce Back - Acidus, MXGN #instagram #SocialMedia #tvstars #Venezuela #LaCasaDeLos #bikini #bikinibody #gym #brasil #beachgirl #summer #body #bodybuilding #gym #fitness #cola #pepsi #beverage #dizi #Model #AfraSaraçoğlu #fashion #BrandyG @brandygonrocks https://t.co/IQ0FEcnCXn",['1877537197760393656'],2025-01-10T02:05:25.000Z,1877537197760393656
384213289,"@j4s0n_com @caitoz Ha! 
This one always gets me. 

Both have the same attitude towards Indigenous people Palestinians as well, 'coincidentally'.
#benchmarkcompetition #CocaCola $KO $PEP #Pepsi",['1877532442422054946'],2025-01-10T01:46:31.000Z,1877532442422054946
1585356115272925225,"Soon to come drink ... 
#GulfofMexicofisheries  #Indoorfishfarming 
#Pepsi-#Cola 
#Mooninthedaytvphotography 1/8/2o25 #stemcellresearch
#health 1/8/2o25 https://t.co/QNDefdLJih",['1877498260056641937'],2025-01-09T23:30:42.000Z,1877498260056641937
1634070082518130691,BOOM 💥 If Jayden don’t get it one of our guys will!! Huge momentum headed into Sunday Night! #Pepsi #NFL #RaiseHail https://t.co/APdS2ArBZD,['1877445397062271300'],2025-01-09T20:00:38.000Z,1877445397062271300
1623370604161417217,@elonmusk Elon #Pepsi sales down worldwide 😂,['1877408752090976604'],2025-01-09T17:35:01.000Z,1877408752090976604
1041579339018579968,"Breaking Boundaries

https://t.co/Iy9qARjUCA

#WBW2020 #metoo #breastfeeding #thisisdiabetes #alllivesmatters #wealthmanagement #wealth #financialplanning #wealthbuilding #investment #money #financialfreedom #investing #financialadvisor #finance #pepsi #wisconsin",['1877406838762742138'],2025-01-09T17:27:25.000Z,1877406838762742138
1041579339018579968,"Breaking Boundaries

https://t.co/Iy9qARjUCA

#economy #markets #fx #econtwitter #economy #wages #employment #inflation #SustainableInclusiveGrowth
#FoodTransformation #HealthcareJourney #FoodisHealth #FoodisMedicine #WorldHeartDay
#HumanCapitalProject,
#healthsystem #pepsi",['1877405513459065125'],2025-01-09T17:22:09.000Z,1877405513459065125
1041579339018579968,"Breaking Boundaries

https://t.co/Iy9qARjUCA

#cumbria #pepsi #INTHEVINEYARD #FIVESTARBRUNCH #act4resilience #CEOs #healthforall #DRR #InvestinHealth #ThinkBeyondTomorrow #resilienceforall #BuildToLast #venturecapital #venturecapital #SustainableInclusiveGrowth",['1877405060428075025'],2025-01-09T17:20:21.000Z,1877405060428075025
1645560398664302593,@elonmusk Me too but #Pepsi My friend .....🦇🇲🇽🇺🇲,['1877402088969208292'],2025-01-09T17:08:33.000Z,1877402088969208292
4593831821,"@7UP @7Up_Nigeria @Pepsi_Naija @Pepsi_Naija @pepsi 
Click on this link and see how this Mama loves #Pepsi that she foundly called it *peti.

https://t.co/clRUcgYcUT",['1877382388231106774'],2025-01-09T15:50:16.000Z,1877382388231106774
1789003912407838721,"[#PEPSIxSTARSHIP]
2024 #PEPSI X #STARSHIP

PEPSI PARTNER 
IVE

CONCEPT PHOTO
#GAEUL

SUMMER FESTA
2024. 06. 28 FRI 6PM (KST)

#썸머페스타 #SUMMER_FESTA #아이브 #IVE #가을 #펩시 #펩시제로슈거 #Pepsi_Zero #Pepsi_Zero_Sugar #즐거움에목마를때 #Thirst...

https://t.co/Rc9RJw49HM",['1877352350945595775'],2025-01-09T13:50:54.000Z,1877352350945595775
1833007484359036928,"⚖️ Vic Sotto Takes Legal Action Over Darryl Yap's Film 🎬

Reports indicate that Imee Marcos backs the movie, taking aim at Tito Sotto III.

#Imee #Marcos #DarrylYap #VicSotto #Sotto #Pepsi #PepsiPaloma #Halalan2025 #Eleksyon2025 #BreakingNews #BreakingNewsPH #PhilNews #Shorts https://t.co/4tLJfzDYB6",['1877328359530586289'],2025-01-09T12:15:34.000Z,1877328359530586289
778606557609066496,"🚨 Did You Know? 🚨

In 1989, Pepsi became the 6th largest military power by trading cola syrup for 17 submarines, a cruiser, a frigate, and a destroyer with the Soviet Union. 

History's most unexpected trade deal!

https://t.co/ZRjBOSKpPJ

#pepsi #businesshistory #coldwar https://t.co/otJdzyQQLH",['1877323401854931299'],2025-01-09T11:55:52.000Z,1877323401854931299
897105984400875520,"Our story and Modern Selfcare agenda have reshaped the landscape of Modern Selfcare, Consumer Goods, and Consumer Health activities.

https://t.co/kUCRzwe827

#econtwitter
#economy #growth #inflation #FederalReserve #Fed #econtwitter #pepsi #WithPatientsInMind #socialprotection",['1877304372427718756'],2025-01-09T10:40:15.000Z,1877304372427718756
120991858,Star Wars #Pepsi Bottle Cap Figure: Dexter Jettster Head #44 (Japanese Import) brought to you by the #PlastiqueBoutique https://t.co/4Nqf5uiw8N #StarWars #StarWarsToy #StarWarsFigure #StarWarsCollections #StarWarsFigures #StarWarsCollection,['1877303934722752987'],2025-01-09T10:38:31.000Z,1877303934722752987
897105984400875520,"Our story and Modern Selfcare agenda have reshaped the landscape of Modern Selfcare, Consumer Goods, and Consumer Health activities.

https://t.co/kUCRzwe827

#cumbria #pepsi #act4resilience #CEOs #nfl #healthforall #DRR #InvestinHealth #ThinkBeyondTomorrow #resilienceforall",['1877303471541551150'],2025-01-09T10:36:40.000Z,1877303471541551150
1483335874029158406,"Let’s wait for #DarrylYap counter.
I’m invested😂
#VicSotto #vivamax #viva #TROPP #PepsiPaloma #Pepsi #TV5 https://t.co/3uq91b8L8L",['1877285046270226481'],2025-01-09T09:23:27.000Z,1877285046270226481
1564880490548498432,"https://t.co/iDBef7DUPv
PepsiCo
Thread topic:
Some managers really need to go
$PEP #pepsico #Harrison #NewYork #snacks #PanteyShop #pepsi #beverages #CocaCola #layoff #layoffs #jobcut #joblosses #economy 🤖",['1877275429318295749'],2025-01-09T08:45:15.000Z,1877275429318295749
1921946863,Oh I guess I should do the #Pepsi huh https://t.co/estx9S1Iws,['1877172376493776981'],2025-01-09T01:55:45.000Z,1877172376493776981
1651645491044835330,"The 2004 Big Budget #pepsi  commercial  featuring #Britneyspears , Beyoncé, and Pink remains one of the most iconic and ambitious ad campaigns of all time. Set in a #gladiator-style arena,with some estimates suggesting it exceeded $8 million, a figure that likely included… https://t.co/9dmV9EiVjP https://t.co/EBsczUlU4f",['1877161507240268104'],2025-01-09T01:12:33.000Z,1877161507240268104
1053953718130012161,"But everyone remembers the #Pepsi ad with Ash, Mahima and Aamir

These bong girls show unnecessary attitude at times 

#gobacktokitchen https://t.co/FCgbHJeRzZ",['1877142118323433726'],2025-01-08T23:55:31.000Z,1877142118323433726
1560652909943001088,"@RealAlexJones I'm a German civilian: We takes #X, #Facebook, #Paypal, #Microsoft, #Amazon, #Tesla, #McDonalds, #Apple, #Intel, #AMD, #nVidia, #Google, #Milwaukee, #CocaCola, #Pepsi, #Universal, #Paramount, #Pixar, #Disney, #HBO, #AMC, #Eminem, #BillieEilish etc.

Tell me what you takes from G. https://t.co/PcCPcLobAN",['1877138291750744461'],2025-01-08T23:40:18.000Z,1877138291750744461
772840018326847489,Check out Pepsi-Cola Quartz Wall Clock Wood Frame Vintage Tested &amp; Working https://t.co/IiCD0EmQLm #eBay via @eBay #PepsiCola #Vintage #WallClock #Hanover #SodaLove #gr8prices #ebay #pepsi #homedecor #freeshipping #afterchristmasgifts,['1877127109560205719'],2025-01-08T22:55:52.000Z,1877127109560205719
1785059230917025792,"@WeAreMessi Messi doing SUI before GTA 6
#SUI #cr7 #pepsi",['1877046072356360685'],2025-01-08T17:33:52.000Z,1877046072356360685
1041579339018579968,"We have built a Global Community.

https://t.co/Iy9qARjUCA

#financialfreedom #investing #financialadvisor #finance #pepsi #wisconsin #WithPatientsInMind #lifesciences #socialprotection #biotechnology #scicomm #healthsupplement #biologist #laboratorylife #scientists",['1877045934183354601'],2025-01-08T17:33:19.000Z,1877045934183354601
1041579339018579968,"We have built a Global Community.

https://t.co/Iy9qARjUCA

#inflation #SustainableInclusiveGrowth
#FoodTransformation #HealthcareJourney #FoodisHealth #FoodisMedicine #WorldHeartDay
#HumanCapitalProject,
#healthsystem #pepsi #WithPatientsInMind #socialprotection #productivity",['1877044560066380038'],2025-01-08T17:27:51.000Z,1877044560066380038
1041579339018579968,"We have built a Global Community.

https://t.co/Iy9qARjUCA

#science #health #prevention #nutritionequity #wearenih #nutritionecology #lifespan #microbiome #harvardhealth #wisconsin #ferrari #cumbria #pepsi #INTHEVINEYARD #FIVESTARBRUNCH #act4resilience #CEOs #healthforall #DRR",['1877044079948710220'],2025-01-08T17:25:57.000Z,1877044079948710220
1323667372809617408,"Kieran Culkin finished his story

#HeWetTheBed #Pepsi
#RawOnNetflix https://t.co/thbMkUmCHR https://t.co/UUBHtbE8OY",['1877042209498759494'],2025-01-08T17:18:31.000Z,1877042209498759494
1585004919618150405,Who put that there? #PepsiZero #BetterwithPepsi #Pepsi https://t.co/JY31MRAas8,['1877037663636668418'],2025-01-08T17:00:27.000Z,1877037663636668418
586313006,Fresh ground nut n chilled #Pepsi 😌 😎 https://t.co/a8mI566QZG,['1877027148336083243'],2025-01-08T16:18:40.000Z,1877027148336083243
897105984400875520,"We offer Real Advantages to CEOs who invest in The Global Structure Network Limited.

https://t.co/kUCRzwe827

#economy #growth #inflation #FederalReserve #Fed #econtwitter #pepsi #WithPatientsInMind #socialprotection #productivity #earthday #propertyrights #Freemarkets",['1877014629353664569'],2025-01-08T15:28:55.000Z,1877014629353664569
897105984400875520,"We offer Real Advantages to CEOs who invest in The Global Structure Network Limited.

https://t.co/kUCRzwe827

#FIVESTARBRUNCH #forwardlooking #wisconsin #ferrari #cumbria #pepsi #act4resilience #CEOs #nfl #healthforall #DRR #InvestinHealth #ThinkBeyondTomorrow #resilienceforall",['1877013914912772111'],2025-01-08T15:26:05.000Z,1877013914912772111
1564880490548498432,"https://t.co/0ts7nydof9
PepsiCo
Thread topic:
S&amp;T
$PEP #pepsico #Harrison #NewYork #snacks #PanteyShop #pepsi #beverages #CocaCola #layoff #layoffs #jobcut #joblosses #economy 🤖",['1876930509617373691'],2025-01-08T09:54:39.000Z,1876930509617373691
56341278,"OnlyCans

... Ignore the floating whisky glass lol

#VPRetweet #VirtualPhotography #ThePhotoMode #VirtualPhotoTop #VPGamers #Cyberpunk2077 #TheCapturedCollective  #PEPSI https://t.co/TuLZCQd7qQ",['1876903444662890633'],2025-01-08T08:07:07.000Z,1876903444662890633
1921946863,Iiiits #Pepsi time! https://t.co/GnM4RVyMgd,['1876851140278595877'],2025-01-08T04:39:16.000Z,1876851140278595877
1864896769026387968,@pepsi with the hookup on the Pepsi Zero Sugar Gingerbread. #pepsi #pepsilover https://t.co/GiocIP5Udo,['1876810612140835146'],2025-01-08T01:58:14.000Z,1876810612140835146
1041579339018579968,"We offer Real Advantages to CEOs who invest in The Global Structure Network Limited.

https://t.co/ulLay8CNuE

#FIVESTARBRUNCH #forwardlooking #wisconsin #ferrari #cumbria #pepsi #act4resilience #CEOs #nfl #healthforall #DRR #InvestinHealth #ThinkBeyondTomorrow #resilienceforall",['1876694642265354433'],2025-01-07T18:17:24.000Z,1876694642265354433
897105984400875520,"We have built a Global Community.

https://t.co/xrEPmallfP

#financialfreedom #investing #financialadvisor #finance #pepsi #wisconsin #WithPatientsInMind #lifesciences #socialprotection #biotechnology #scicomm #healthsupplement #biologist #laboratorylife #scientists",['1876664662181224740'],2025-01-07T16:18:16.000Z,1876664662181224740
897105984400875520,"We have built a Global Community.

https://t.co/xrEPmalT5n

#inflation #SustainableInclusiveGrowth
#FoodTransformation #HealthcareJourney #FoodisHealth #FoodisMedicine #WorldHeartDay
#HumanCapitalProject,
#healthsystem #pepsi #WithPatientsInMind #socialprotection #productivity",['1876663371682156759'],2025-01-07T16:13:09.000Z,1876663371682156759
897105984400875520,"We have built a Global Community.

https://t.co/xrEPmalT5n

#science #health #prevention #nutritionequity #wearenih #nutritionecology #lifespan #microbiome #harvardhealth #wisconsin #ferrari #cumbria #pepsi #INTHEVINEYARD #FIVESTARBRUNCH #act4resilience #CEOs #healthforall #DRR",['1876662944349720713'],2025-01-07T16:11:27.000Z,1876662944349720713
120991858,Monsters Meet Pepsi-Man Bottle Cap Collection: The Creature From The Black brought to you by the #PlastiqueBoutique https://t.co/X8Mjl5KD7b #PepsiCollector #PepsiCollection #Pepsi #PepsiCollections #PepsiCollectors #PepsiFigure #PepsiMerch,['1876593414742950118'],2025-01-07T11:35:10.000Z,1876593414742950118
120991858,Star Wars #Pepsi Bottle Cap Figure: Qui-Gon Jinn #35 (Japanese Import) brought to you by the #PlastiqueBoutique https://t.co/hJPYKN90p4 #StarWarsCollection #StarWarsCollections #StarWars #StarWarsFigures #StarWarsFigure #StarWarsToy,['1876592502813163975'],2025-01-07T11:31:32.000Z,1876592502813163975
1094634626151264256,"We've had Ronald #McDonald, cool spot, Mr Blobby, The Noid &amp; ofcourse #Pepsi man as we see here, but are there any other branded #videogames mascots you've played that are actually quite good to play? https://t.co/3ba2dh8BKm",['1876569593483051207'],2025-01-07T10:00:30.000Z,1876569593483051207
124933191,"Pepsi's Culture Bomb: Marketing Secrets Revealed
#PepsiMarketing #CultureBomb #MarketingStrategy #ConsumerInsights #ProductInnovation #BrandEngagement #OrganicMarketing #SocialMediaMarketing #Pepsi #PeepsPepsi https://t.co/Hf65Vuq3Zt",['1876550793534349599'],2025-01-07T08:45:48.000Z,1876550793534349599
124933191,"Pepsi's Culture Bomb: Marketing Secrets Revealed
#PepsiMarketing #CultureBomb #MarketingStrategy #ConsumerInsights #ProductInnovation #BrandEngagement #OrganicMarketing #SocialMediaMarketing #Pepsi #PeepsPepsi https://t.co/7LBg3DUJQT","['1876548723469144122', '1876549941105193332']",2025-01-07T08:37:34.000Z,1876548723469144122
1788230211957628928,"[#PEPSIxSTARSHIP]
2024 #PEPSI X #STARSHIP

PEPSI PARTNER 
IVE

CONCEPT PHOTO
#REI

SUMMER FESTA
2024. 06. 28 FRI 6PM (KST)

#썸머페스타 #SUMMER_FESTA #아이브 #IVE #레이 #펩시 #펩시제로슈거 #Pepsi_Zero #Pepsi_Zero_Sugar #즐거움에목마를때 #ThirstyF.....

https://t.co/6lxEtwBID7",['1876539511376904455'],2025-01-07T08:00:58.000Z,1876539511376904455
796286847601246209,"Bro he’s 46 years old and has been on tv for idk how many years..

I don’t think.. 

you know what..

nvm you right. 

He’s probably talking to his highschool teachers that doubted him. Silly me.

#straightedgerules #pepsi https://t.co/kEtIs8zY0t",['1876526983015805116'],2025-01-07T07:11:11.000Z,1876526983015805116
1724271206654935040,"@smudge_green As #GroupChairman of #Pepsi I honestly testify my love for drinking it. 
#PepsiMax is my favourite. 
We fully support &amp; endorse  #PepsiProducts, #PepsiVision to empower a #BetterWorld, &amp; #PepsiValues including #FreedomFromSlavery #WorldPeace &amp; #HealthyLiving🥤",['1876500775880507800'],2025-01-07T05:27:03.000Z,1876500775880507800
1921946863,#Pepsi there was very little healing https://t.co/iEAnSZBPKc,['1876483496308515068'],2025-01-07T04:18:23.000Z,1876483496308515068
120991858,Star Wars #Pepsi Bottle Cap Figure: Anakin Skywalker (Japanese Import) brought to you by the #PlastiqueBoutique https://t.co/jm7IdL0rL4 #StarWarsFigure #StarWarsFigures #StarWarsCollections #StarWars #StarWarsToy #StarWarsCollection,['1876481793848647776'],2025-01-07T04:11:37.000Z,1876481793848647776
20022312,"I can definitely tell the difference between #cocacola and #pepsi, but for the life of me I can’t tell the difference between #sprite and #7up",['1876402155164463455'],2025-01-06T22:55:10.000Z,1876402155164463455
1041579339018579968,"We have built a Global Community.

https://t.co/Iy9qARkss8

#econtwitter #economy #wages #employment #inflation #SustainableInclusiveGrowth
#FoodTransformation #HealthcareJourney #FoodisHealth #FoodisMedicine #WorldHeartDay
#HumanCapitalProject,
#healthsystem #pepsi",['1876357774420083115'],2025-01-06T19:58:49.000Z,1876357774420083115
1041579339018579968,"We have built a Global Community.

https://t.co/Iy9qARkss8

#ONR #nutrition #nutritionresearch #science #health #prevention #nutritionequity #wearenih #nutritionecology #lifespan #microbiome #harvardhealth #wisconsin #ferrari #cumbria #pepsi #INTHEVINEYARD #FIVESTARBRUNCH",['1876357248009789818'],2025-01-06T19:56:43.000Z,1876357248009789818
1583129249094959104,Anyone buying the dip on $NKE and $PEP? 🤔💸 Let’s talk stocks! 📈🔥 #Investing #StockMarket #Nike #Pepsi #Finance #BuyTheDip #Trading #StocksToWatch #WealthBuilding #LongTermInvesting,['1876351765798641781'],2025-01-06T19:34:56.000Z,1876351765798641781
1249814732095344641,"Enjoying some nice Pepsi Cola tonight. 

#PepsiMax #Pepsi https://t.co/bRyLv1WtfY",['1876349335245336628'],2025-01-06T19:25:17.000Z,1876349335245336628
1477615559252586500,"Pepsi ( $PEP ) may be trading at its lowest price since 2021, but its free cash flow yield is only 3%, lower than at the end of 2020. Meanwhile, Nestlé ( $NESN ) is trading at a 5.9% free cash flow yield, its highest in a decade.

#stocks #investing #PEPSI #Nestle",['1876340960050716722'],2025-01-06T18:52:00.000Z,1876340960050716722
1363012990904135681,"🥤💙 Every sip, a burst of excitement! 💙🥤
Feel the fizz, taste the thrill, and let Pepsi turn your ordinary moments into extraordinary ones! ✨🔥

🎉 Grab it. Pop it. Love it. 🎉
Life tastes better with #Pepsi by your side! 😎

💧 #PepsiVibes #RefreshTheMoment #FizzAndFun",['1876316267726139892'],2025-01-06T17:13:53.000Z,1876316267726139892
1363012990904135681,"💧✨ Pop the cap, feel the fizz! ✨💧
Turn up the refreshment and make every moment unforgettable with #Pepsi! 🥤🔥

🎉 Taste the thrill. Share the vibe. Repeat. 🎉
Are you ready to sip your way to happiness? 😎

💥 #FizzItUp #PepsiLove #RefreshYourWorld",['1876316081813586378'],2025-01-06T17:13:08.000Z,1876316081813586378
1329520098483310592,"In this clip from ""The Joe &amp; Blasko Show,"" Brian Blasko (https://t.co/gCGRoZlYgB) shares the story of the origin of Cool Ranch flavored Doritos and their connection to Crystal Pepsi. #doritos #coolranchdoritos #pepsi #crystalpepsi

Full episode: https://t.co/SlPEE7zP8C https://t.co/hLAqqE2vYe",['1876298947016179720'],2025-01-06T16:05:03.000Z,1876298947016179720
1727497597357572096,"Dont worry, starting the New Years Diet off right~~~~

Who else likes Diet soda?

#pepsi #diet #nitrokesh #2025newyear https://t.co/WUZss1u35C",['1876295595746591193'],2025-01-06T15:51:44.000Z,1876295595746591193
48074529,"Company Cans - Cans not sold to the public, usually to celebrate somerhing within the company like retirements and such.  LOOKING FOR MORE!!!! HELP!!!!  #company #pepsi #coke #cocacola #drpepper @cocacola @pepsi @pepsico_design @PepsiCoJOBS @PepsiCo https://t.co/f5ZD8kAMUo",['1876287944463626410'],2025-01-06T15:21:20.000Z,1876287944463626410
2241709962,#PEPSI on ice https://t.co/en4VSjA7tD,['1876265090321694916'],2025-01-06T13:50:31.000Z,1876265090321694916
1875188917928108033,"6/ Why Stories Beat Features
Consider the cola wars:
#CocaCola sells happiness (“Taste the Feeling”), tying its product to joyful moments.
#Pepsi, on the other hand, has often focused on flavor or celebrities-a strategy that feels transactional in comparison.
People connect… https://t.co/NU3nvAOKxH",['1876257337549476114'],2025-01-06T13:19:43.000Z,1876257337549476114
897105984400875520,"Throughout this process, we have maintained a grand strategic perspective.

https://t.co/kUCRzweFRF

#econtwitter #pepsi #WithPatientsInMind #socialprotection #productivity #earthday #propertyrights #Freemarkets #workers #prosperity #niper #medical #scientistlife #phdchat",['1876247865196216520'],2025-01-06T12:42:04.000Z,1876247865196216520
897105984400875520,"Throughout this process, we have maintained a grand strategic perspective.

https://t.co/kUCRzweFRF

#INTHEVINEYARD #FIVESTARBRUNCH #forwardlooking #wisconsin #ferrari #cumbria #pepsi #act4resilience #CEOs #nfl #healthforall #DRR #InvestinHealth #ThinkBeyondTomorrow",['1876246774941405675'],2025-01-06T12:37:44.000Z,1876246774941405675
739991985293918208,"sponsored #ad 
#pepsi #twist",['1876231029868089624'],2025-01-06T11:35:10.000Z,1876231029868089624
